sample_id,participant_id,file_path,duration_seconds
300_audio_300_AUDIO,300,D:\ieee-final-dep\datasets\raw\daic_woz\300_P\300_AUDIO.wav,
301_audio_301_AUDIO,301,D:\ieee-final-dep\datasets\raw\daic_woz\301_P\301_AUDIO.wav,
302_audio_302_AUDIO,302,D:\ieee-final-dep\datasets\raw\daic_woz\302_P\302_AUDIO.wav,
303_audio_303_AUDIO,303,D:\ieee-final-dep\datasets\raw\daic_woz\303_P\303_AUDIO.wav,
305_audio_305_AUDIO,305,D:\ieee-final-dep\datasets\raw\daic_woz\305_P\305_AUDIO.wav,
306_audio_306_AUDIO,306,D:\ieee-final-dep\datasets\raw\daic_woz\306_P\306_AUDIO.wav,
307_audio_307_AUDIO,307,D:\ieee-final-dep\datasets\raw\daic_woz\307_P\307_AUDIO.wav,
308_audio_308_AUDIO,308,D:\ieee-final-dep\datasets\raw\daic_woz\308_P\308_AUDIO.wav,
309_audio_309_AUDIO,309,D:\ieee-final-dep\datasets\raw\daic_woz\309_P\309_AUDIO.wav,
310_audio_310_AUDIO,310,D:\ieee-final-dep\datasets\raw\daic_woz\310_P\310_AUDIO.wav,
311_audio_311_AUDIO,311,D:\ieee-final-dep\datasets\raw\daic_woz\311_P\311_AUDIO.wav,
312_audio_312_AUDIO,312,D:\ieee-final-dep\datasets\raw\daic_woz\312_P\312_AUDIO.wav,
313_audio_313_AUDIO,313,D:\ieee-final-dep\datasets\raw\daic_woz\313_P\313_AUDIO.wav,
314_audio_314_AUDIO,314,D:\ieee-final-dep\datasets\raw\daic_woz\314_P\314_AUDIO.wav,
315_audio_315_AUDIO,315,D:\ieee-final-dep\datasets\raw\daic_woz\315_P\315_AUDIO.wav,
316_audio_316_AUDIO,316,D:\ieee-final-dep\datasets\raw\daic_woz\316_P\316_AUDIO.wav,
317_audio_317_AUDIO,317,D:\ieee-final-dep\datasets\raw\daic_woz\317_P\317_AUDIO.wav,
318_audio_318_AUDIO,318,D:\ieee-final-dep\datasets\raw\daic_woz\318_P\318_AUDIO.wav,
319_audio_319_AUDIO,319,D:\ieee-final-dep\datasets\raw\daic_woz\319_P\319_AUDIO.wav,
320_audio_320_AUDIO,320,D:\ieee-final-dep\datasets\raw\daic_woz\320_P\320_AUDIO.wav,
321_audio_321_AUDIO,321,D:\ieee-final-dep\datasets\raw\daic_woz\321_P\321_AUDIO.wav,
322_audio_322_AUDIO,322,D:\ieee-final-dep\datasets\raw\daic_woz\322_P\322_AUDIO.wav,
323_audio_323_AUDIO,323,D:\ieee-final-dep\datasets\raw\daic_woz\323_P\323_AUDIO.wav,
324_audio_324_AUDIO,324,D:\ieee-final-dep\datasets\raw\daic_woz\324_P\324_AUDIO.wav,
325_audio_325_AUDIO,325,D:\ieee-final-dep\datasets\raw\daic_woz\325_P\325_AUDIO.wav,
326_audio_326_AUDIO,326,D:\ieee-final-dep\datasets\raw\daic_woz\326_P\326_AUDIO.wav,
327_audio_327_AUDIO,327,D:\ieee-final-dep\datasets\raw\daic_woz\327_P\327_AUDIO.wav,
328_audio_328_AUDIO,328,D:\ieee-final-dep\datasets\raw\daic_woz\328_P\328_AUDIO.wav,
329_audio_329_AUDIO,329,D:\ieee-final-dep\datasets\raw\daic_woz\329_P\329_AUDIO.wav,
330_audio_330_AUDIO,330,D:\ieee-final-dep\datasets\raw\daic_woz\330_P\330_AUDIO.wav,
331_audio_331_AUDIO,331,D:\ieee-final-dep\datasets\raw\daic_woz\331_P\331_AUDIO.wav,
332_audio_332_AUDIO,332,D:\ieee-final-dep\datasets\raw\daic_woz\332_P\332_AUDIO.wav,
333_audio_333_AUDIO,333,D:\ieee-final-dep\datasets\raw\daic_woz\333_P\333_AUDIO.wav,
334_audio_334_AUDIO,334,D:\ieee-final-dep\datasets\raw\daic_woz\334_P\334_AUDIO.wav,
335_audio_335_AUDIO,335,D:\ieee-final-dep\datasets\raw\daic_woz\335_P\335_AUDIO.wav,
336_audio_336_AUDIO,336,D:\ieee-final-dep\datasets\raw\daic_woz\336_P\336_AUDIO.wav,
337_audio_337_AUDIO,337,D:\ieee-final-dep\datasets\raw\daic_woz\337_P\337_AUDIO.wav,
338_audio_338_AUDIO,338,D:\ieee-final-dep\datasets\raw\daic_woz\338_P\338_AUDIO.wav,
339_audio_339_AUDIO,339,D:\ieee-final-dep\datasets\raw\daic_woz\339_P\339_AUDIO.wav,
340_audio_340_AUDIO,340,D:\ieee-final-dep\datasets\raw\daic_woz\340_P\340_AUDIO.wav,
341_audio_341_AUDIO,341,D:\ieee-final-dep\datasets\raw\daic_woz\341_P\341_AUDIO.wav,
343_audio_343_AUDIO,343,D:\ieee-final-dep\datasets\raw\daic_woz\343_P\343_AUDIO.wav,
344_audio_344_AUDIO,344,D:\ieee-final-dep\datasets\raw\daic_woz\344_P\344_AUDIO.wav,
345_audio_345_AUDIO,345,D:\ieee-final-dep\datasets\raw\daic_woz\345_P\345_AUDIO.wav,
346_audio_346_AUDIO,346,D:\ieee-final-dep\datasets\raw\daic_woz\346_P\346_AUDIO.wav,
347_audio_347_AUDIO,347,D:\ieee-final-dep\datasets\raw\daic_woz\347_P\347_AUDIO.wav,
348_audio_348_AUDIO,348,D:\ieee-final-dep\datasets\raw\daic_woz\348_P\348_AUDIO.wav,
349_audio_349_AUDIO,349,D:\ieee-final-dep\datasets\raw\daic_woz\349_P\349_AUDIO.wav,
350_audio_350_AUDIO,350,D:\ieee-final-dep\datasets\raw\daic_woz\350_P\350_AUDIO.wav,
351_audio_351_AUDIO,351,D:\ieee-final-dep\datasets\raw\daic_woz\351_P\351_AUDIO.wav,
352_audio_352_AUDIO,352,D:\ieee-final-dep\datasets\raw\daic_woz\352_P\352_AUDIO.wav,
353_audio_353_AUDIO,353,D:\ieee-final-dep\datasets\raw\daic_woz\353_P\353_AUDIO.wav,
354_audio_354_AUDIO,354,D:\ieee-final-dep\datasets\raw\daic_woz\354_P\354_AUDIO.wav,
355_audio_355_AUDIO,355,D:\ieee-final-dep\datasets\raw\daic_woz\355_P\355_AUDIO.wav,
356_audio_356_AUDIO,356,D:\ieee-final-dep\datasets\raw\daic_woz\356_P\356_AUDIO.wav,
357_audio_357_AUDIO,357,D:\ieee-final-dep\datasets\raw\daic_woz\357_P\357_AUDIO.wav,
358_audio_358_AUDIO,358,D:\ieee-final-dep\datasets\raw\daic_woz\358_P\358_AUDIO.wav,
359_audio_359_AUDIO,359,D:\ieee-final-dep\datasets\raw\daic_woz\359_P\359_AUDIO.wav,
360_audio_360_AUDIO,360,D:\ieee-final-dep\datasets\raw\daic_woz\360_P\360_AUDIO.wav,
361_audio_361_AUDIO,361,D:\ieee-final-dep\datasets\raw\daic_woz\361_P\361_AUDIO.wav,
362_audio_362_AUDIO,362,D:\ieee-final-dep\datasets\raw\daic_woz\362_P\362_AUDIO.wav,
363_audio_363_AUDIO,363,D:\ieee-final-dep\datasets\raw\daic_woz\363_P\363_AUDIO.wav,
364_audio_364_AUDIO,364,D:\ieee-final-dep\datasets\raw\daic_woz\364_P\364_AUDIO.wav,
365_audio_365_AUDIO,365,D:\ieee-final-dep\datasets\raw\daic_woz\365_P\365_AUDIO.wav,
366_audio_366_AUDIO,366,D:\ieee-final-dep\datasets\raw\daic_woz\366_P\366_AUDIO.wav,
367_audio_367_AUDIO,367,D:\ieee-final-dep\datasets\raw\daic_woz\367_P\367_AUDIO.wav,
368_audio_368_AUDIO,368,D:\ieee-final-dep\datasets\raw\daic_woz\368_P\368_AUDIO.wav,
369_audio_369_AUDIO,369,D:\ieee-final-dep\datasets\raw\daic_woz\369_P\369_AUDIO.wav,
370_audio_370_AUDIO,370,D:\ieee-final-dep\datasets\raw\daic_woz\370_P\370_AUDIO.wav,
371_audio_371_AUDIO,371,D:\ieee-final-dep\datasets\raw\daic_woz\371_P\371_AUDIO.wav,
372_audio_372_AUDIO,372,D:\ieee-final-dep\datasets\raw\daic_woz\372_P\372_AUDIO.wav,
373_audio_373_AUDIO,373,D:\ieee-final-dep\datasets\raw\daic_woz\373_P\373_AUDIO.wav,
374_audio_374_AUDIO,374,D:\ieee-final-dep\datasets\raw\daic_woz\374_P\374_AUDIO.wav,
375_audio_375_AUDIO,375,D:\ieee-final-dep\datasets\raw\daic_woz\375_P\375_AUDIO.wav,
376_audio_376_AUDIO,376,D:\ieee-final-dep\datasets\raw\daic_woz\376_P\376_AUDIO.wav,
377_audio_377_AUDIO,377,D:\ieee-final-dep\datasets\raw\daic_woz\377_P\377_AUDIO.wav,
378_audio_378_AUDIO,378,D:\ieee-final-dep\datasets\raw\daic_woz\378_P\378_AUDIO.wav,
379_audio_379_AUDIO,379,D:\ieee-final-dep\datasets\raw\daic_woz\379_P\379_AUDIO.wav,
380_audio_380_AUDIO,380,D:\ieee-final-dep\datasets\raw\daic_woz\380_P\380_AUDIO.wav,
381_audio_381_AUDIO,381,D:\ieee-final-dep\datasets\raw\daic_woz\381_P\381_AUDIO.wav,
382_audio_382_AUDIO,382,D:\ieee-final-dep\datasets\raw\daic_woz\382_P\382_AUDIO.wav,
383_audio_383_AUDIO,383,D:\ieee-final-dep\datasets\raw\daic_woz\383_P\383_AUDIO.wav,
384_audio_384_AUDIO,384,D:\ieee-final-dep\datasets\raw\daic_woz\384_P\384_AUDIO.wav,
385_audio_385_AUDIO,385,D:\ieee-final-dep\datasets\raw\daic_woz\385_P\385_AUDIO.wav,
386_audio_386_AUDIO,386,D:\ieee-final-dep\datasets\raw\daic_woz\386_P\386_AUDIO.wav,
387_audio_387_AUDIO,387,D:\ieee-final-dep\datasets\raw\daic_woz\387_P\387_AUDIO.wav,
388_audio_388_AUDIO,388,D:\ieee-final-dep\datasets\raw\daic_woz\388_P\388_AUDIO.wav,
389_audio_389_AUDIO,389,D:\ieee-final-dep\datasets\raw\daic_woz\389_P\389_AUDIO.wav,
390_audio_390_AUDIO,390,D:\ieee-final-dep\datasets\raw\daic_woz\390_P\390_AUDIO.wav,
391_audio_391_AUDIO,391,D:\ieee-final-dep\datasets\raw\daic_woz\391_P\391_AUDIO.wav,
392_audio_392_AUDIO,392,D:\ieee-final-dep\datasets\raw\daic_woz\392_P\392_AUDIO.wav,
393_audio_393_AUDIO,393,D:\ieee-final-dep\datasets\raw\daic_woz\393_P\393_AUDIO.wav,
395_audio_395_AUDIO,395,D:\ieee-final-dep\datasets\raw\daic_woz\395_P\395_AUDIO.wav,
397_audio_397_AUDIO,397,D:\ieee-final-dep\datasets\raw\daic_woz\397_P\397_AUDIO.wav,
399_audio_399_AUDIO,399,D:\ieee-final-dep\datasets\raw\daic_woz\399_P\399_AUDIO.wav,
400_audio_400_AUDIO,400,D:\ieee-final-dep\datasets\raw\daic_woz\400_P\400_AUDIO.wav,
401_audio_401_AUDIO,401,D:\ieee-final-dep\datasets\raw\daic_woz\401_P\401_AUDIO.wav,
402_audio_402_AUDIO,402,D:\ieee-final-dep\datasets\raw\daic_woz\402_P\402_AUDIO.wav,
403_audio_403_AUDIO,403,D:\ieee-final-dep\datasets\raw\daic_woz\403_P\403_AUDIO.wav,
404_audio_404_AUDIO,404,D:\ieee-final-dep\datasets\raw\daic_woz\404_P\404_AUDIO.wav,
405_audio_405_AUDIO,405,D:\ieee-final-dep\datasets\raw\daic_woz\405_P\405_AUDIO.wav,
406_audio_406_AUDIO,406,D:\ieee-final-dep\datasets\raw\daic_woz\406_P\406_AUDIO.wav,
407_audio_407_AUDIO,407,D:\ieee-final-dep\datasets\raw\daic_woz\407_P\407_AUDIO.wav,
408_audio_408_AUDIO,408,D:\ieee-final-dep\datasets\raw\daic_woz\408_P\408_AUDIO.wav,
409_audio_409_AUDIO,409,D:\ieee-final-dep\datasets\raw\daic_woz\409_P\409_AUDIO.wav,
410_audio_410_AUDIO,410,D:\ieee-final-dep\datasets\raw\daic_woz\410_P\410_AUDIO.wav,
411_audio_411_AUDIO,411,D:\ieee-final-dep\datasets\raw\daic_woz\411_P\411_AUDIO.wav,
412_audio_412_AUDIO,412,D:\ieee-final-dep\datasets\raw\daic_woz\412_P\412_AUDIO.wav,
413_audio_413_AUDIO,413,D:\ieee-final-dep\datasets\raw\daic_woz\413_P\413_AUDIO.wav,
414_audio_414_AUDIO,414,D:\ieee-final-dep\datasets\raw\daic_woz\414_P\414_AUDIO.wav,
415_audio_415_AUDIO,415,D:\ieee-final-dep\datasets\raw\daic_woz\415_P\415_AUDIO.wav,
416_audio_416_AUDIO,416,D:\ieee-final-dep\datasets\raw\daic_woz\416_P\416_AUDIO.wav,
417_audio_417_AUDIO,417,D:\ieee-final-dep\datasets\raw\daic_woz\417_P\417_AUDIO.wav,
418_audio_418_AUDIO,418,D:\ieee-final-dep\datasets\raw\daic_woz\418_P\418_AUDIO.wav,
419_audio_419_AUDIO,419,D:\ieee-final-dep\datasets\raw\daic_woz\419_P\419_AUDIO.wav,
420_audio_420_AUDIO,420,D:\ieee-final-dep\datasets\raw\daic_woz\420_P\420_AUDIO.wav,
421_audio_421_AUDIO,421,D:\ieee-final-dep\datasets\raw\daic_woz\421_P\421_AUDIO.wav,
422_audio_422_AUDIO,422,D:\ieee-final-dep\datasets\raw\daic_woz\422_P\422_AUDIO.wav,
423_audio_423_AUDIO,423,D:\ieee-final-dep\datasets\raw\daic_woz\423_P\423_AUDIO.wav,
424_audio_424_AUDIO,424,D:\ieee-final-dep\datasets\raw\daic_woz\424_P\424_AUDIO.wav,
425_audio_425_AUDIO,425,D:\ieee-final-dep\datasets\raw\daic_woz\425_P\425_AUDIO.wav,
426_audio_426_AUDIO,426,D:\ieee-final-dep\datasets\raw\daic_woz\426_P\426_AUDIO.wav,
427_audio_427_AUDIO,427,D:\ieee-final-dep\datasets\raw\daic_woz\427_P\427_AUDIO.wav,
428_audio_428_AUDIO,428,D:\ieee-final-dep\datasets\raw\daic_woz\428_P\428_AUDIO.wav,
429_audio_429_AUDIO,429,D:\ieee-final-dep\datasets\raw\daic_woz\429_P\429_AUDIO.wav,
430_audio_430_AUDIO,430,D:\ieee-final-dep\datasets\raw\daic_woz\430_P\430_AUDIO.wav,
431_audio_431_AUDIO,431,D:\ieee-final-dep\datasets\raw\daic_woz\431_P\431_AUDIO.wav,
432_audio_432_AUDIO,432,D:\ieee-final-dep\datasets\raw\daic_woz\432_P\432_AUDIO.wav,
433_audio_433_AUDIO,433,D:\ieee-final-dep\datasets\raw\daic_woz\433_P\433_AUDIO.wav,
434_audio_434_AUDIO,434,D:\ieee-final-dep\datasets\raw\daic_woz\434_P\434_AUDIO.wav,
435_audio_435_AUDIO,435,D:\ieee-final-dep\datasets\raw\daic_woz\435_P\435_AUDIO.wav,
436_audio_436_AUDIO,436,D:\ieee-final-dep\datasets\raw\daic_woz\436_P\436_AUDIO.wav,
437_audio_437_AUDIO,437,D:\ieee-final-dep\datasets\raw\daic_woz\437_P\437_AUDIO.wav,
438_audio_438_AUDIO,438,D:\ieee-final-dep\datasets\raw\daic_woz\438_P\438_AUDIO.wav,
439_audio_439_AUDIO,439,D:\ieee-final-dep\datasets\raw\daic_woz\439_P\439_AUDIO.wav,
441_audio_441_AUDIO,441,D:\ieee-final-dep\datasets\raw\daic_woz\441_P\441_AUDIO.wav,
442_audio_442_AUDIO,442,D:\ieee-final-dep\datasets\raw\daic_woz\442_P\442_AUDIO.wav,
443_audio_443_AUDIO,443,D:\ieee-final-dep\datasets\raw\daic_woz\443_P\443_AUDIO.wav,
444_audio_444_AUDIO,444,D:\ieee-final-dep\datasets\raw\daic_woz\444_P\444_AUDIO.wav,
445_audio_445_AUDIO,445,D:\ieee-final-dep\datasets\raw\daic_woz\445_P\445_AUDIO.wav,
446_audio_446_AUDIO,446,D:\ieee-final-dep\datasets\raw\daic_woz\446_P\446_AUDIO.wav,
447_audio_447_AUDIO,447,D:\ieee-final-dep\datasets\raw\daic_woz\447_P\447_AUDIO.wav,
448_audio_448_AUDIO,448,D:\ieee-final-dep\datasets\raw\daic_woz\448_P\448_AUDIO.wav,
449_audio_449_AUDIO,449,D:\ieee-final-dep\datasets\raw\daic_woz\449_P\449_AUDIO.wav,
450_audio_450_AUDIO,450,D:\ieee-final-dep\datasets\raw\daic_woz\450_P\450_AUDIO.wav,
451_audio_451_AUDIO,451,D:\ieee-final-dep\datasets\raw\daic_woz\451_P\451_AUDIO.wav,
452_audio_452_AUDIO,452,D:\ieee-final-dep\datasets\raw\daic_woz\452_P\452_AUDIO.wav,
453_audio_453_AUDIO,453,D:\ieee-final-dep\datasets\raw\daic_woz\453_P\453_AUDIO.wav,
454_audio_454_AUDIO,454,D:\ieee-final-dep\datasets\raw\daic_woz\454_P\454_AUDIO.wav,
455_audio_455_AUDIO,455,D:\ieee-final-dep\datasets\raw\daic_woz\455_P\455_AUDIO.wav,
456_audio_456_AUDIO,456,D:\ieee-final-dep\datasets\raw\daic_woz\456_P\456_AUDIO.wav,
457_audio_457_AUDIO,457,D:\ieee-final-dep\datasets\raw\daic_woz\457_P\457_AUDIO.wav,
458_audio_458_AUDIO,458,D:\ieee-final-dep\datasets\raw\daic_woz\458_P\458_AUDIO.wav,
459_audio_459_AUDIO,459,D:\ieee-final-dep\datasets\raw\daic_woz\459_P\459_AUDIO.wav,
461_audio_461_AUDIO,461,D:\ieee-final-dep\datasets\raw\daic_woz\461_P\461_AUDIO.wav,
462_audio_462_AUDIO,462,D:\ieee-final-dep\datasets\raw\daic_woz\462_P\462_AUDIO.wav,
463_audio_463_AUDIO,463,D:\ieee-final-dep\datasets\raw\daic_woz\463_P\463_AUDIO.wav,
464_audio_464_AUDIO,464,D:\ieee-final-dep\datasets\raw\daic_woz\464_P\464_AUDIO.wav,
465_audio_465_AUDIO,465,D:\ieee-final-dep\datasets\raw\daic_woz\465_P\465_AUDIO.wav,
466_audio_466_AUDIO,466,D:\ieee-final-dep\datasets\raw\daic_woz\466_P\466_AUDIO.wav,
467_audio_467_AUDIO,467,D:\ieee-final-dep\datasets\raw\daic_woz\467_P\467_AUDIO.wav,
468_audio_468_AUDIO,468,D:\ieee-final-dep\datasets\raw\daic_woz\468_P\468_AUDIO.wav,
469_audio_469_AUDIO,469,D:\ieee-final-dep\datasets\raw\daic_woz\469_P\469_AUDIO.wav,
470_audio_470_AUDIO,470,D:\ieee-final-dep\datasets\raw\daic_woz\470_P\470_AUDIO.wav,
471_audio_471_AUDIO,471,D:\ieee-final-dep\datasets\raw\daic_woz\471_P\471_AUDIO.wav,
472_audio_472_AUDIO,472,D:\ieee-final-dep\datasets\raw\daic_woz\472_P\472_AUDIO.wav,
473_audio_473_AUDIO,473,D:\ieee-final-dep\datasets\raw\daic_woz\473_P\473_AUDIO.wav,
474_audio_474_AUDIO,474,D:\ieee-final-dep\datasets\raw\daic_woz\474_P\474_AUDIO.wav,
475_audio_475_AUDIO,475,D:\ieee-final-dep\datasets\raw\daic_woz\475_P\475_AUDIO.wav,
476_audio_476_AUDIO,476,D:\ieee-final-dep\datasets\raw\daic_woz\476_P\476_AUDIO.wav,
477_audio_477_AUDIO,477,D:\ieee-final-dep\datasets\raw\daic_woz\477_P\477_AUDIO.wav,
478_audio_478_AUDIO,478,D:\ieee-final-dep\datasets\raw\daic_woz\478_P\478_AUDIO.wav,
479_audio_479_AUDIO,479,D:\ieee-final-dep\datasets\raw\daic_woz\479_P\479_AUDIO.wav,
480_audio_480_AUDIO,480,D:\ieee-final-dep\datasets\raw\daic_woz\480_P\480_AUDIO.wav,
481_audio_481_AUDIO,481,D:\ieee-final-dep\datasets\raw\daic_woz\481_P\481_AUDIO.wav,
482_audio_482_AUDIO,482,D:\ieee-final-dep\datasets\raw\daic_woz\482_P\482_AUDIO.wav,
483_audio_483_AUDIO,483,D:\ieee-final-dep\datasets\raw\daic_woz\483_P\483_AUDIO.wav,
484_audio_484_AUDIO,484,D:\ieee-final-dep\datasets\raw\daic_woz\484_P\484_AUDIO.wav,
485_audio_485_AUDIO,485,D:\ieee-final-dep\datasets\raw\daic_woz\485_P\485_AUDIO.wav,
486_audio_486_AUDIO,486,D:\ieee-final-dep\datasets\raw\daic_woz\486_P\486_AUDIO.wav,
487_audio_487_AUDIO,487,D:\ieee-final-dep\datasets\raw\daic_woz\487_P\487_AUDIO.wav,
488_audio_488_AUDIO,488,D:\ieee-final-dep\datasets\raw\daic_woz\488_P\488_AUDIO.wav,
489_audio_489_AUDIO,489,D:\ieee-final-dep\datasets\raw\daic_woz\489_P\489_AUDIO.wav,
490_audio_490_AUDIO,490,D:\ieee-final-dep\datasets\raw\daic_woz\490_P\490_AUDIO.wav,
491_audio_491_AUDIO,491,D:\ieee-final-dep\datasets\raw\daic_woz\491_P\491_AUDIO.wav,
492_audio_492_AUDIO,492,D:\ieee-final-dep\datasets\raw\daic_woz\492_P\492_AUDIO.wav,
0_audio,0,D:\ieee-final-dep\datasets\raw\dvlog\0\0_acoustic.npy,
1_audio,1,D:\ieee-final-dep\datasets\raw\dvlog\1\1_acoustic.npy,
10_audio,10,D:\ieee-final-dep\datasets\raw\dvlog\10\10_acoustic.npy,
100_audio,100,D:\ieee-final-dep\datasets\raw\dvlog\100\100_acoustic.npy,
101_audio,101,D:\ieee-final-dep\datasets\raw\dvlog\101\101_acoustic.npy,
102_audio,102,D:\ieee-final-dep\datasets\raw\dvlog\102\102_acoustic.npy,
103_audio,103,D:\ieee-final-dep\datasets\raw\dvlog\103\103_acoustic.npy,
104_audio,104,D:\ieee-final-dep\datasets\raw\dvlog\104\104_acoustic.npy,
105_audio,105,D:\ieee-final-dep\datasets\raw\dvlog\105\105_acoustic.npy,
106_audio,106,D:\ieee-final-dep\datasets\raw\dvlog\106\106_acoustic.npy,
107_audio,107,D:\ieee-final-dep\datasets\raw\dvlog\107\107_acoustic.npy,
108_audio,108,D:\ieee-final-dep\datasets\raw\dvlog\108\108_acoustic.npy,
109_audio,109,D:\ieee-final-dep\datasets\raw\dvlog\109\109_acoustic.npy,
11_audio,11,D:\ieee-final-dep\datasets\raw\dvlog\11\11_acoustic.npy,
110_audio,110,D:\ieee-final-dep\datasets\raw\dvlog\110\110_acoustic.npy,
111_audio,111,D:\ieee-final-dep\datasets\raw\dvlog\111\111_acoustic.npy,
112_audio,112,D:\ieee-final-dep\datasets\raw\dvlog\112\112_acoustic.npy,
113_audio,113,D:\ieee-final-dep\datasets\raw\dvlog\113\113_acoustic.npy,
114_audio,114,D:\ieee-final-dep\datasets\raw\dvlog\114\114_acoustic.npy,
115_audio,115,D:\ieee-final-dep\datasets\raw\dvlog\115\115_acoustic.npy,
116_audio,116,D:\ieee-final-dep\datasets\raw\dvlog\116\116_acoustic.npy,
117_audio,117,D:\ieee-final-dep\datasets\raw\dvlog\117\117_acoustic.npy,
118_audio,118,D:\ieee-final-dep\datasets\raw\dvlog\118\118_acoustic.npy,
119_audio,119,D:\ieee-final-dep\datasets\raw\dvlog\119\119_acoustic.npy,
12_audio,12,D:\ieee-final-dep\datasets\raw\dvlog\12\12_acoustic.npy,
120_audio,120,D:\ieee-final-dep\datasets\raw\dvlog\120\120_acoustic.npy,
121_audio,121,D:\ieee-final-dep\datasets\raw\dvlog\121\121_acoustic.npy,
122_audio,122,D:\ieee-final-dep\datasets\raw\dvlog\122\122_acoustic.npy,
123_audio,123,D:\ieee-final-dep\datasets\raw\dvlog\123\123_acoustic.npy,
124_audio,124,D:\ieee-final-dep\datasets\raw\dvlog\124\124_acoustic.npy,
125_audio,125,D:\ieee-final-dep\datasets\raw\dvlog\125\125_acoustic.npy,
126_audio,126,D:\ieee-final-dep\datasets\raw\dvlog\126\126_acoustic.npy,
127_audio,127,D:\ieee-final-dep\datasets\raw\dvlog\127\127_acoustic.npy,
128_audio,128,D:\ieee-final-dep\datasets\raw\dvlog\128\128_acoustic.npy,
129_audio,129,D:\ieee-final-dep\datasets\raw\dvlog\129\129_acoustic.npy,
13_audio,13,D:\ieee-final-dep\datasets\raw\dvlog\13\13_acoustic.npy,
130_audio,130,D:\ieee-final-dep\datasets\raw\dvlog\130\130_acoustic.npy,
131_audio,131,D:\ieee-final-dep\datasets\raw\dvlog\131\131_acoustic.npy,
132_audio,132,D:\ieee-final-dep\datasets\raw\dvlog\132\132_acoustic.npy,
133_audio,133,D:\ieee-final-dep\datasets\raw\dvlog\133\133_acoustic.npy,
134_audio,134,D:\ieee-final-dep\datasets\raw\dvlog\134\134_acoustic.npy,
135_audio,135,D:\ieee-final-dep\datasets\raw\dvlog\135\135_acoustic.npy,
136_audio,136,D:\ieee-final-dep\datasets\raw\dvlog\136\136_acoustic.npy,
137_audio,137,D:\ieee-final-dep\datasets\raw\dvlog\137\137_acoustic.npy,
138_audio,138,D:\ieee-final-dep\datasets\raw\dvlog\138\138_acoustic.npy,
139_audio,139,D:\ieee-final-dep\datasets\raw\dvlog\139\139_acoustic.npy,
14_audio,14,D:\ieee-final-dep\datasets\raw\dvlog\14\14_acoustic.npy,
140_audio,140,D:\ieee-final-dep\datasets\raw\dvlog\140\140_acoustic.npy,
141_audio,141,D:\ieee-final-dep\datasets\raw\dvlog\141\141_acoustic.npy,
142_audio,142,D:\ieee-final-dep\datasets\raw\dvlog\142\142_acoustic.npy,
143_audio,143,D:\ieee-final-dep\datasets\raw\dvlog\143\143_acoustic.npy,
144_audio,144,D:\ieee-final-dep\datasets\raw\dvlog\144\144_acoustic.npy,
145_audio,145,D:\ieee-final-dep\datasets\raw\dvlog\145\145_acoustic.npy,
146_audio,146,D:\ieee-final-dep\datasets\raw\dvlog\146\146_acoustic.npy,
147_audio,147,D:\ieee-final-dep\datasets\raw\dvlog\147\147_acoustic.npy,
148_audio,148,D:\ieee-final-dep\datasets\raw\dvlog\148\148_acoustic.npy,
149_audio,149,D:\ieee-final-dep\datasets\raw\dvlog\149\149_acoustic.npy,
15_audio,15,D:\ieee-final-dep\datasets\raw\dvlog\15\15_acoustic.npy,
150_audio,150,D:\ieee-final-dep\datasets\raw\dvlog\150\150_acoustic.npy,
151_audio,151,D:\ieee-final-dep\datasets\raw\dvlog\151\151_acoustic.npy,
152_audio,152,D:\ieee-final-dep\datasets\raw\dvlog\152\152_acoustic.npy,
153_audio,153,D:\ieee-final-dep\datasets\raw\dvlog\153\153_acoustic.npy,
154_audio,154,D:\ieee-final-dep\datasets\raw\dvlog\154\154_acoustic.npy,
155_audio,155,D:\ieee-final-dep\datasets\raw\dvlog\155\155_acoustic.npy,
156_audio,156,D:\ieee-final-dep\datasets\raw\dvlog\156\156_acoustic.npy,
157_audio,157,D:\ieee-final-dep\datasets\raw\dvlog\157\157_acoustic.npy,
158_audio,158,D:\ieee-final-dep\datasets\raw\dvlog\158\158_acoustic.npy,
159_audio,159,D:\ieee-final-dep\datasets\raw\dvlog\159\159_acoustic.npy,
16_audio,16,D:\ieee-final-dep\datasets\raw\dvlog\16\16_acoustic.npy,
160_audio,160,D:\ieee-final-dep\datasets\raw\dvlog\160\160_acoustic.npy,
161_audio,161,D:\ieee-final-dep\datasets\raw\dvlog\161\161_acoustic.npy,
162_audio,162,D:\ieee-final-dep\datasets\raw\dvlog\162\162_acoustic.npy,
163_audio,163,D:\ieee-final-dep\datasets\raw\dvlog\163\163_acoustic.npy,
164_audio,164,D:\ieee-final-dep\datasets\raw\dvlog\164\164_acoustic.npy,
165_audio,165,D:\ieee-final-dep\datasets\raw\dvlog\165\165_acoustic.npy,
166_audio,166,D:\ieee-final-dep\datasets\raw\dvlog\166\166_acoustic.npy,
167_audio,167,D:\ieee-final-dep\datasets\raw\dvlog\167\167_acoustic.npy,
168_audio,168,D:\ieee-final-dep\datasets\raw\dvlog\168\168_acoustic.npy,
169_audio,169,D:\ieee-final-dep\datasets\raw\dvlog\169\169_acoustic.npy,
17_audio,17,D:\ieee-final-dep\datasets\raw\dvlog\17\17_acoustic.npy,
170_audio,170,D:\ieee-final-dep\datasets\raw\dvlog\170\170_acoustic.npy,
171_audio,171,D:\ieee-final-dep\datasets\raw\dvlog\171\171_acoustic.npy,
172_audio,172,D:\ieee-final-dep\datasets\raw\dvlog\172\172_acoustic.npy,
173_audio,173,D:\ieee-final-dep\datasets\raw\dvlog\173\173_acoustic.npy,
174_audio,174,D:\ieee-final-dep\datasets\raw\dvlog\174\174_acoustic.npy,
175_audio,175,D:\ieee-final-dep\datasets\raw\dvlog\175\175_acoustic.npy,
176_audio,176,D:\ieee-final-dep\datasets\raw\dvlog\176\176_acoustic.npy,
177_audio,177,D:\ieee-final-dep\datasets\raw\dvlog\177\177_acoustic.npy,
178_audio,178,D:\ieee-final-dep\datasets\raw\dvlog\178\178_acoustic.npy,
179_audio,179,D:\ieee-final-dep\datasets\raw\dvlog\179\179_acoustic.npy,
18_audio,18,D:\ieee-final-dep\datasets\raw\dvlog\18\18_acoustic.npy,
180_audio,180,D:\ieee-final-dep\datasets\raw\dvlog\180\180_acoustic.npy,
181_audio,181,D:\ieee-final-dep\datasets\raw\dvlog\181\181_acoustic.npy,
182_audio,182,D:\ieee-final-dep\datasets\raw\dvlog\182\182_acoustic.npy,
183_audio,183,D:\ieee-final-dep\datasets\raw\dvlog\183\183_acoustic.npy,
184_audio,184,D:\ieee-final-dep\datasets\raw\dvlog\184\184_acoustic.npy,
185_audio,185,D:\ieee-final-dep\datasets\raw\dvlog\185\185_acoustic.npy,
186_audio,186,D:\ieee-final-dep\datasets\raw\dvlog\186\186_acoustic.npy,
187_audio,187,D:\ieee-final-dep\datasets\raw\dvlog\187\187_acoustic.npy,
188_audio,188,D:\ieee-final-dep\datasets\raw\dvlog\188\188_acoustic.npy,
189_audio,189,D:\ieee-final-dep\datasets\raw\dvlog\189\189_acoustic.npy,
19_audio,19,D:\ieee-final-dep\datasets\raw\dvlog\19\19_acoustic.npy,
190_audio,190,D:\ieee-final-dep\datasets\raw\dvlog\190\190_acoustic.npy,
191_audio,191,D:\ieee-final-dep\datasets\raw\dvlog\191\191_acoustic.npy,
192_audio,192,D:\ieee-final-dep\datasets\raw\dvlog\192\192_acoustic.npy,
193_audio,193,D:\ieee-final-dep\datasets\raw\dvlog\193\193_acoustic.npy,
194_audio,194,D:\ieee-final-dep\datasets\raw\dvlog\194\194_acoustic.npy,
195_audio,195,D:\ieee-final-dep\datasets\raw\dvlog\195\195_acoustic.npy,
196_audio,196,D:\ieee-final-dep\datasets\raw\dvlog\196\196_acoustic.npy,
197_audio,197,D:\ieee-final-dep\datasets\raw\dvlog\197\197_acoustic.npy,
198_audio,198,D:\ieee-final-dep\datasets\raw\dvlog\198\198_acoustic.npy,
199_audio,199,D:\ieee-final-dep\datasets\raw\dvlog\199\199_acoustic.npy,
2_audio,2,D:\ieee-final-dep\datasets\raw\dvlog\2\2_acoustic.npy,
20_audio,20,D:\ieee-final-dep\datasets\raw\dvlog\20\20_acoustic.npy,
200_audio,200,D:\ieee-final-dep\datasets\raw\dvlog\200\200_acoustic.npy,
201_audio,201,D:\ieee-final-dep\datasets\raw\dvlog\201\201_acoustic.npy,
202_audio,202,D:\ieee-final-dep\datasets\raw\dvlog\202\202_acoustic.npy,
203_audio,203,D:\ieee-final-dep\datasets\raw\dvlog\203\203_acoustic.npy,
204_audio,204,D:\ieee-final-dep\datasets\raw\dvlog\204\204_acoustic.npy,
205_audio,205,D:\ieee-final-dep\datasets\raw\dvlog\205\205_acoustic.npy,
206_audio,206,D:\ieee-final-dep\datasets\raw\dvlog\206\206_acoustic.npy,
207_audio,207,D:\ieee-final-dep\datasets\raw\dvlog\207\207_acoustic.npy,
208_audio,208,D:\ieee-final-dep\datasets\raw\dvlog\208\208_acoustic.npy,
209_audio,209,D:\ieee-final-dep\datasets\raw\dvlog\209\209_acoustic.npy,
21_audio,21,D:\ieee-final-dep\datasets\raw\dvlog\21\21_acoustic.npy,
210_audio,210,D:\ieee-final-dep\datasets\raw\dvlog\210\210_acoustic.npy,
211_audio,211,D:\ieee-final-dep\datasets\raw\dvlog\211\211_acoustic.npy,
212_audio,212,D:\ieee-final-dep\datasets\raw\dvlog\212\212_acoustic.npy,
213_audio,213,D:\ieee-final-dep\datasets\raw\dvlog\213\213_acoustic.npy,
214_audio,214,D:\ieee-final-dep\datasets\raw\dvlog\214\214_acoustic.npy,
215_audio,215,D:\ieee-final-dep\datasets\raw\dvlog\215\215_acoustic.npy,
216_audio,216,D:\ieee-final-dep\datasets\raw\dvlog\216\216_acoustic.npy,
217_audio,217,D:\ieee-final-dep\datasets\raw\dvlog\217\217_acoustic.npy,
218_audio,218,D:\ieee-final-dep\datasets\raw\dvlog\218\218_acoustic.npy,
219_audio,219,D:\ieee-final-dep\datasets\raw\dvlog\219\219_acoustic.npy,
22_audio,22,D:\ieee-final-dep\datasets\raw\dvlog\22\22_acoustic.npy,
220_audio,220,D:\ieee-final-dep\datasets\raw\dvlog\220\220_acoustic.npy,
221_audio,221,D:\ieee-final-dep\datasets\raw\dvlog\221\221_acoustic.npy,
222_audio,222,D:\ieee-final-dep\datasets\raw\dvlog\222\222_acoustic.npy,
223_audio,223,D:\ieee-final-dep\datasets\raw\dvlog\223\223_acoustic.npy,
224_audio,224,D:\ieee-final-dep\datasets\raw\dvlog\224\224_acoustic.npy,
225_audio,225,D:\ieee-final-dep\datasets\raw\dvlog\225\225_acoustic.npy,
226_audio,226,D:\ieee-final-dep\datasets\raw\dvlog\226\226_acoustic.npy,
227_audio,227,D:\ieee-final-dep\datasets\raw\dvlog\227\227_acoustic.npy,
228_audio,228,D:\ieee-final-dep\datasets\raw\dvlog\228\228_acoustic.npy,
229_audio,229,D:\ieee-final-dep\datasets\raw\dvlog\229\229_acoustic.npy,
23_audio,23,D:\ieee-final-dep\datasets\raw\dvlog\23\23_acoustic.npy,
230_audio,230,D:\ieee-final-dep\datasets\raw\dvlog\230\230_acoustic.npy,
231_audio,231,D:\ieee-final-dep\datasets\raw\dvlog\231\231_acoustic.npy,
232_audio,232,D:\ieee-final-dep\datasets\raw\dvlog\232\232_acoustic.npy,
233_audio,233,D:\ieee-final-dep\datasets\raw\dvlog\233\233_acoustic.npy,
234_audio,234,D:\ieee-final-dep\datasets\raw\dvlog\234\234_acoustic.npy,
235_audio,235,D:\ieee-final-dep\datasets\raw\dvlog\235\235_acoustic.npy,
236_audio,236,D:\ieee-final-dep\datasets\raw\dvlog\236\236_acoustic.npy,
237_audio,237,D:\ieee-final-dep\datasets\raw\dvlog\237\237_acoustic.npy,
238_audio,238,D:\ieee-final-dep\datasets\raw\dvlog\238\238_acoustic.npy,
239_audio,239,D:\ieee-final-dep\datasets\raw\dvlog\239\239_acoustic.npy,
24_audio,24,D:\ieee-final-dep\datasets\raw\dvlog\24\24_acoustic.npy,
240_audio,240,D:\ieee-final-dep\datasets\raw\dvlog\240\240_acoustic.npy,
241_audio,241,D:\ieee-final-dep\datasets\raw\dvlog\241\241_acoustic.npy,
242_audio,242,D:\ieee-final-dep\datasets\raw\dvlog\242\242_acoustic.npy,
243_audio,243,D:\ieee-final-dep\datasets\raw\dvlog\243\243_acoustic.npy,
244_audio,244,D:\ieee-final-dep\datasets\raw\dvlog\244\244_acoustic.npy,
245_audio,245,D:\ieee-final-dep\datasets\raw\dvlog\245\245_acoustic.npy,
246_audio,246,D:\ieee-final-dep\datasets\raw\dvlog\246\246_acoustic.npy,
247_audio,247,D:\ieee-final-dep\datasets\raw\dvlog\247\247_acoustic.npy,
248_audio,248,D:\ieee-final-dep\datasets\raw\dvlog\248\248_acoustic.npy,
249_audio,249,D:\ieee-final-dep\datasets\raw\dvlog\249\249_acoustic.npy,
25_audio,25,D:\ieee-final-dep\datasets\raw\dvlog\25\25_acoustic.npy,
250_audio,250,D:\ieee-final-dep\datasets\raw\dvlog\250\250_acoustic.npy,
251_audio,251,D:\ieee-final-dep\datasets\raw\dvlog\251\251_acoustic.npy,
252_audio,252,D:\ieee-final-dep\datasets\raw\dvlog\252\252_acoustic.npy,
253_audio,253,D:\ieee-final-dep\datasets\raw\dvlog\253\253_acoustic.npy,
254_audio,254,D:\ieee-final-dep\datasets\raw\dvlog\254\254_acoustic.npy,
255_audio,255,D:\ieee-final-dep\datasets\raw\dvlog\255\255_acoustic.npy,
256_audio,256,D:\ieee-final-dep\datasets\raw\dvlog\256\256_acoustic.npy,
257_audio,257,D:\ieee-final-dep\datasets\raw\dvlog\257\257_acoustic.npy,
258_audio,258,D:\ieee-final-dep\datasets\raw\dvlog\258\258_acoustic.npy,
259_audio,259,D:\ieee-final-dep\datasets\raw\dvlog\259\259_acoustic.npy,
26_audio,26,D:\ieee-final-dep\datasets\raw\dvlog\26\26_acoustic.npy,
260_audio,260,D:\ieee-final-dep\datasets\raw\dvlog\260\260_acoustic.npy,
261_audio,261,D:\ieee-final-dep\datasets\raw\dvlog\261\261_acoustic.npy,
262_audio,262,D:\ieee-final-dep\datasets\raw\dvlog\262\262_acoustic.npy,
263_audio,263,D:\ieee-final-dep\datasets\raw\dvlog\263\263_acoustic.npy,
264_audio,264,D:\ieee-final-dep\datasets\raw\dvlog\264\264_acoustic.npy,
265_audio,265,D:\ieee-final-dep\datasets\raw\dvlog\265\265_acoustic.npy,
266_audio,266,D:\ieee-final-dep\datasets\raw\dvlog\266\266_acoustic.npy,
267_audio,267,D:\ieee-final-dep\datasets\raw\dvlog\267\267_acoustic.npy,
268_audio,268,D:\ieee-final-dep\datasets\raw\dvlog\268\268_acoustic.npy,
269_audio,269,D:\ieee-final-dep\datasets\raw\dvlog\269\269_acoustic.npy,
27_audio,27,D:\ieee-final-dep\datasets\raw\dvlog\27\27_acoustic.npy,
270_audio,270,D:\ieee-final-dep\datasets\raw\dvlog\270\270_acoustic.npy,
271_audio,271,D:\ieee-final-dep\datasets\raw\dvlog\271\271_acoustic.npy,
272_audio,272,D:\ieee-final-dep\datasets\raw\dvlog\272\272_acoustic.npy,
273_audio,273,D:\ieee-final-dep\datasets\raw\dvlog\273\273_acoustic.npy,
274_audio,274,D:\ieee-final-dep\datasets\raw\dvlog\274\274_acoustic.npy,
275_audio,275,D:\ieee-final-dep\datasets\raw\dvlog\275\275_acoustic.npy,
276_audio,276,D:\ieee-final-dep\datasets\raw\dvlog\276\276_acoustic.npy,
277_audio,277,D:\ieee-final-dep\datasets\raw\dvlog\277\277_acoustic.npy,
278_audio,278,D:\ieee-final-dep\datasets\raw\dvlog\278\278_acoustic.npy,
279_audio,279,D:\ieee-final-dep\datasets\raw\dvlog\279\279_acoustic.npy,
28_audio,28,D:\ieee-final-dep\datasets\raw\dvlog\28\28_acoustic.npy,
280_audio,280,D:\ieee-final-dep\datasets\raw\dvlog\280\280_acoustic.npy,
281_audio,281,D:\ieee-final-dep\datasets\raw\dvlog\281\281_acoustic.npy,
282_audio,282,D:\ieee-final-dep\datasets\raw\dvlog\282\282_acoustic.npy,
283_audio,283,D:\ieee-final-dep\datasets\raw\dvlog\283\283_acoustic.npy,
284_audio,284,D:\ieee-final-dep\datasets\raw\dvlog\284\284_acoustic.npy,
285_audio,285,D:\ieee-final-dep\datasets\raw\dvlog\285\285_acoustic.npy,
286_audio,286,D:\ieee-final-dep\datasets\raw\dvlog\286\286_acoustic.npy,
287_audio,287,D:\ieee-final-dep\datasets\raw\dvlog\287\287_acoustic.npy,
288_audio,288,D:\ieee-final-dep\datasets\raw\dvlog\288\288_acoustic.npy,
289_audio,289,D:\ieee-final-dep\datasets\raw\dvlog\289\289_acoustic.npy,
29_audio,29,D:\ieee-final-dep\datasets\raw\dvlog\29\29_acoustic.npy,
290_audio,290,D:\ieee-final-dep\datasets\raw\dvlog\290\290_acoustic.npy,
291_audio,291,D:\ieee-final-dep\datasets\raw\dvlog\291\291_acoustic.npy,
292_audio,292,D:\ieee-final-dep\datasets\raw\dvlog\292\292_acoustic.npy,
293_audio,293,D:\ieee-final-dep\datasets\raw\dvlog\293\293_acoustic.npy,
294_audio,294,D:\ieee-final-dep\datasets\raw\dvlog\294\294_acoustic.npy,
295_audio,295,D:\ieee-final-dep\datasets\raw\dvlog\295\295_acoustic.npy,
296_audio,296,D:\ieee-final-dep\datasets\raw\dvlog\296\296_acoustic.npy,
297_audio,297,D:\ieee-final-dep\datasets\raw\dvlog\297\297_acoustic.npy,
298_audio,298,D:\ieee-final-dep\datasets\raw\dvlog\298\298_acoustic.npy,
299_audio,299,D:\ieee-final-dep\datasets\raw\dvlog\299\299_acoustic.npy,
3_audio,3,D:\ieee-final-dep\datasets\raw\dvlog\3\3_acoustic.npy,
30_audio,30,D:\ieee-final-dep\datasets\raw\dvlog\30\30_acoustic.npy,
300_audio,300,D:\ieee-final-dep\datasets\raw\dvlog\300\300_acoustic.npy,
301_audio,301,D:\ieee-final-dep\datasets\raw\dvlog\301\301_acoustic.npy,
302_audio,302,D:\ieee-final-dep\datasets\raw\dvlog\302\302_acoustic.npy,
303_audio,303,D:\ieee-final-dep\datasets\raw\dvlog\303\303_acoustic.npy,
304_audio,304,D:\ieee-final-dep\datasets\raw\dvlog\304\304_acoustic.npy,
305_audio,305,D:\ieee-final-dep\datasets\raw\dvlog\305\305_acoustic.npy,
306_audio,306,D:\ieee-final-dep\datasets\raw\dvlog\306\306_acoustic.npy,
307_audio,307,D:\ieee-final-dep\datasets\raw\dvlog\307\307_acoustic.npy,
308_audio,308,D:\ieee-final-dep\datasets\raw\dvlog\308\308_acoustic.npy,
309_audio,309,D:\ieee-final-dep\datasets\raw\dvlog\309\309_acoustic.npy,
31_audio,31,D:\ieee-final-dep\datasets\raw\dvlog\31\31_acoustic.npy,
310_audio,310,D:\ieee-final-dep\datasets\raw\dvlog\310\310_acoustic.npy,
311_audio,311,D:\ieee-final-dep\datasets\raw\dvlog\311\311_acoustic.npy,
312_audio,312,D:\ieee-final-dep\datasets\raw\dvlog\312\312_acoustic.npy,
313_audio,313,D:\ieee-final-dep\datasets\raw\dvlog\313\313_acoustic.npy,
314_audio,314,D:\ieee-final-dep\datasets\raw\dvlog\314\314_acoustic.npy,
315_audio,315,D:\ieee-final-dep\datasets\raw\dvlog\315\315_acoustic.npy,
316_audio,316,D:\ieee-final-dep\datasets\raw\dvlog\316\316_acoustic.npy,
317_audio,317,D:\ieee-final-dep\datasets\raw\dvlog\317\317_acoustic.npy,
318_audio,318,D:\ieee-final-dep\datasets\raw\dvlog\318\318_acoustic.npy,
319_audio,319,D:\ieee-final-dep\datasets\raw\dvlog\319\319_acoustic.npy,
32_audio,32,D:\ieee-final-dep\datasets\raw\dvlog\32\32_acoustic.npy,
320_audio,320,D:\ieee-final-dep\datasets\raw\dvlog\320\320_acoustic.npy,
321_audio,321,D:\ieee-final-dep\datasets\raw\dvlog\321\321_acoustic.npy,
322_audio,322,D:\ieee-final-dep\datasets\raw\dvlog\322\322_acoustic.npy,
323_audio,323,D:\ieee-final-dep\datasets\raw\dvlog\323\323_acoustic.npy,
324_audio,324,D:\ieee-final-dep\datasets\raw\dvlog\324\324_acoustic.npy,
325_audio,325,D:\ieee-final-dep\datasets\raw\dvlog\325\325_acoustic.npy,
326_audio,326,D:\ieee-final-dep\datasets\raw\dvlog\326\326_acoustic.npy,
327_audio,327,D:\ieee-final-dep\datasets\raw\dvlog\327\327_acoustic.npy,
328_audio,328,D:\ieee-final-dep\datasets\raw\dvlog\328\328_acoustic.npy,
329_audio,329,D:\ieee-final-dep\datasets\raw\dvlog\329\329_acoustic.npy,
33_audio,33,D:\ieee-final-dep\datasets\raw\dvlog\33\33_acoustic.npy,
330_audio,330,D:\ieee-final-dep\datasets\raw\dvlog\330\330_acoustic.npy,
331_audio,331,D:\ieee-final-dep\datasets\raw\dvlog\331\331_acoustic.npy,
332_audio,332,D:\ieee-final-dep\datasets\raw\dvlog\332\332_acoustic.npy,
333_audio,333,D:\ieee-final-dep\datasets\raw\dvlog\333\333_acoustic.npy,
334_audio,334,D:\ieee-final-dep\datasets\raw\dvlog\334\334_acoustic.npy,
335_audio,335,D:\ieee-final-dep\datasets\raw\dvlog\335\335_acoustic.npy,
336_audio,336,D:\ieee-final-dep\datasets\raw\dvlog\336\336_acoustic.npy,
337_audio,337,D:\ieee-final-dep\datasets\raw\dvlog\337\337_acoustic.npy,
338_audio,338,D:\ieee-final-dep\datasets\raw\dvlog\338\338_acoustic.npy,
339_audio,339,D:\ieee-final-dep\datasets\raw\dvlog\339\339_acoustic.npy,
34_audio,34,D:\ieee-final-dep\datasets\raw\dvlog\34\34_acoustic.npy,
340_audio,340,D:\ieee-final-dep\datasets\raw\dvlog\340\340_acoustic.npy,
341_audio,341,D:\ieee-final-dep\datasets\raw\dvlog\341\341_acoustic.npy,
342_audio,342,D:\ieee-final-dep\datasets\raw\dvlog\342\342_acoustic.npy,
343_audio,343,D:\ieee-final-dep\datasets\raw\dvlog\343\343_acoustic.npy,
344_audio,344,D:\ieee-final-dep\datasets\raw\dvlog\344\344_acoustic.npy,
345_audio,345,D:\ieee-final-dep\datasets\raw\dvlog\345\345_acoustic.npy,
346_audio,346,D:\ieee-final-dep\datasets\raw\dvlog\346\346_acoustic.npy,
347_audio,347,D:\ieee-final-dep\datasets\raw\dvlog\347\347_acoustic.npy,
348_audio,348,D:\ieee-final-dep\datasets\raw\dvlog\348\348_acoustic.npy,
349_audio,349,D:\ieee-final-dep\datasets\raw\dvlog\349\349_acoustic.npy,
35_audio,35,D:\ieee-final-dep\datasets\raw\dvlog\35\35_acoustic.npy,
350_audio,350,D:\ieee-final-dep\datasets\raw\dvlog\350\350_acoustic.npy,
351_audio,351,D:\ieee-final-dep\datasets\raw\dvlog\351\351_acoustic.npy,
352_audio,352,D:\ieee-final-dep\datasets\raw\dvlog\352\352_acoustic.npy,
353_audio,353,D:\ieee-final-dep\datasets\raw\dvlog\353\353_acoustic.npy,
354_audio,354,D:\ieee-final-dep\datasets\raw\dvlog\354\354_acoustic.npy,
355_audio,355,D:\ieee-final-dep\datasets\raw\dvlog\355\355_acoustic.npy,
356_audio,356,D:\ieee-final-dep\datasets\raw\dvlog\356\356_acoustic.npy,
357_audio,357,D:\ieee-final-dep\datasets\raw\dvlog\357\357_acoustic.npy,
358_audio,358,D:\ieee-final-dep\datasets\raw\dvlog\358\358_acoustic.npy,
359_audio,359,D:\ieee-final-dep\datasets\raw\dvlog\359\359_acoustic.npy,
36_audio,36,D:\ieee-final-dep\datasets\raw\dvlog\36\36_acoustic.npy,
360_audio,360,D:\ieee-final-dep\datasets\raw\dvlog\360\360_acoustic.npy,
361_audio,361,D:\ieee-final-dep\datasets\raw\dvlog\361\361_acoustic.npy,
362_audio,362,D:\ieee-final-dep\datasets\raw\dvlog\362\362_acoustic.npy,
363_audio,363,D:\ieee-final-dep\datasets\raw\dvlog\363\363_acoustic.npy,
364_audio,364,D:\ieee-final-dep\datasets\raw\dvlog\364\364_acoustic.npy,
365_audio,365,D:\ieee-final-dep\datasets\raw\dvlog\365\365_acoustic.npy,
366_audio,366,D:\ieee-final-dep\datasets\raw\dvlog\366\366_acoustic.npy,
367_audio,367,D:\ieee-final-dep\datasets\raw\dvlog\367\367_acoustic.npy,
368_audio,368,D:\ieee-final-dep\datasets\raw\dvlog\368\368_acoustic.npy,
369_audio,369,D:\ieee-final-dep\datasets\raw\dvlog\369\369_acoustic.npy,
37_audio,37,D:\ieee-final-dep\datasets\raw\dvlog\37\37_acoustic.npy,
370_audio,370,D:\ieee-final-dep\datasets\raw\dvlog\370\370_acoustic.npy,
371_audio,371,D:\ieee-final-dep\datasets\raw\dvlog\371\371_acoustic.npy,
372_audio,372,D:\ieee-final-dep\datasets\raw\dvlog\372\372_acoustic.npy,
373_audio,373,D:\ieee-final-dep\datasets\raw\dvlog\373\373_acoustic.npy,
374_audio,374,D:\ieee-final-dep\datasets\raw\dvlog\374\374_acoustic.npy,
375_audio,375,D:\ieee-final-dep\datasets\raw\dvlog\375\375_acoustic.npy,
376_audio,376,D:\ieee-final-dep\datasets\raw\dvlog\376\376_acoustic.npy,
377_audio,377,D:\ieee-final-dep\datasets\raw\dvlog\377\377_acoustic.npy,
378_audio,378,D:\ieee-final-dep\datasets\raw\dvlog\378\378_acoustic.npy,
379_audio,379,D:\ieee-final-dep\datasets\raw\dvlog\379\379_acoustic.npy,
38_audio,38,D:\ieee-final-dep\datasets\raw\dvlog\38\38_acoustic.npy,
380_audio,380,D:\ieee-final-dep\datasets\raw\dvlog\380\380_acoustic.npy,
381_audio,381,D:\ieee-final-dep\datasets\raw\dvlog\381\381_acoustic.npy,
382_audio,382,D:\ieee-final-dep\datasets\raw\dvlog\382\382_acoustic.npy,
383_audio,383,D:\ieee-final-dep\datasets\raw\dvlog\383\383_acoustic.npy,
384_audio,384,D:\ieee-final-dep\datasets\raw\dvlog\384\384_acoustic.npy,
385_audio,385,D:\ieee-final-dep\datasets\raw\dvlog\385\385_acoustic.npy,
386_audio,386,D:\ieee-final-dep\datasets\raw\dvlog\386\386_acoustic.npy,
387_audio,387,D:\ieee-final-dep\datasets\raw\dvlog\387\387_acoustic.npy,
388_audio,388,D:\ieee-final-dep\datasets\raw\dvlog\388\388_acoustic.npy,
389_audio,389,D:\ieee-final-dep\datasets\raw\dvlog\389\389_acoustic.npy,
39_audio,39,D:\ieee-final-dep\datasets\raw\dvlog\39\39_acoustic.npy,
390_audio,390,D:\ieee-final-dep\datasets\raw\dvlog\390\390_acoustic.npy,
391_audio,391,D:\ieee-final-dep\datasets\raw\dvlog\391\391_acoustic.npy,
392_audio,392,D:\ieee-final-dep\datasets\raw\dvlog\392\392_acoustic.npy,
393_audio,393,D:\ieee-final-dep\datasets\raw\dvlog\393\393_acoustic.npy,
394_audio,394,D:\ieee-final-dep\datasets\raw\dvlog\394\394_acoustic.npy,
395_audio,395,D:\ieee-final-dep\datasets\raw\dvlog\395\395_acoustic.npy,
396_audio,396,D:\ieee-final-dep\datasets\raw\dvlog\396\396_acoustic.npy,
397_audio,397,D:\ieee-final-dep\datasets\raw\dvlog\397\397_acoustic.npy,
398_audio,398,D:\ieee-final-dep\datasets\raw\dvlog\398\398_acoustic.npy,
399_audio,399,D:\ieee-final-dep\datasets\raw\dvlog\399\399_acoustic.npy,
4_audio,4,D:\ieee-final-dep\datasets\raw\dvlog\4\4_acoustic.npy,
40_audio,40,D:\ieee-final-dep\datasets\raw\dvlog\40\40_acoustic.npy,
400_audio,400,D:\ieee-final-dep\datasets\raw\dvlog\400\400_acoustic.npy,
401_audio,401,D:\ieee-final-dep\datasets\raw\dvlog\401\401_acoustic.npy,
402_audio,402,D:\ieee-final-dep\datasets\raw\dvlog\402\402_acoustic.npy,
403_audio,403,D:\ieee-final-dep\datasets\raw\dvlog\403\403_acoustic.npy,
404_audio,404,D:\ieee-final-dep\datasets\raw\dvlog\404\404_acoustic.npy,
405_audio,405,D:\ieee-final-dep\datasets\raw\dvlog\405\405_acoustic.npy,
406_audio,406,D:\ieee-final-dep\datasets\raw\dvlog\406\406_acoustic.npy,
407_audio,407,D:\ieee-final-dep\datasets\raw\dvlog\407\407_acoustic.npy,
408_audio,408,D:\ieee-final-dep\datasets\raw\dvlog\408\408_acoustic.npy,
409_audio,409,D:\ieee-final-dep\datasets\raw\dvlog\409\409_acoustic.npy,
41_audio,41,D:\ieee-final-dep\datasets\raw\dvlog\41\41_acoustic.npy,
410_audio,410,D:\ieee-final-dep\datasets\raw\dvlog\410\410_acoustic.npy,
411_audio,411,D:\ieee-final-dep\datasets\raw\dvlog\411\411_acoustic.npy,
412_audio,412,D:\ieee-final-dep\datasets\raw\dvlog\412\412_acoustic.npy,
413_audio,413,D:\ieee-final-dep\datasets\raw\dvlog\413\413_acoustic.npy,
414_audio,414,D:\ieee-final-dep\datasets\raw\dvlog\414\414_acoustic.npy,
415_audio,415,D:\ieee-final-dep\datasets\raw\dvlog\415\415_acoustic.npy,
416_audio,416,D:\ieee-final-dep\datasets\raw\dvlog\416\416_acoustic.npy,
417_audio,417,D:\ieee-final-dep\datasets\raw\dvlog\417\417_acoustic.npy,
418_audio,418,D:\ieee-final-dep\datasets\raw\dvlog\418\418_acoustic.npy,
419_audio,419,D:\ieee-final-dep\datasets\raw\dvlog\419\419_acoustic.npy,
42_audio,42,D:\ieee-final-dep\datasets\raw\dvlog\42\42_acoustic.npy,
420_audio,420,D:\ieee-final-dep\datasets\raw\dvlog\420\420_acoustic.npy,
421_audio,421,D:\ieee-final-dep\datasets\raw\dvlog\421\421_acoustic.npy,
422_audio,422,D:\ieee-final-dep\datasets\raw\dvlog\422\422_acoustic.npy,
423_audio,423,D:\ieee-final-dep\datasets\raw\dvlog\423\423_acoustic.npy,
424_audio,424,D:\ieee-final-dep\datasets\raw\dvlog\424\424_acoustic.npy,
425_audio,425,D:\ieee-final-dep\datasets\raw\dvlog\425\425_acoustic.npy,
426_audio,426,D:\ieee-final-dep\datasets\raw\dvlog\426\426_acoustic.npy,
427_audio,427,D:\ieee-final-dep\datasets\raw\dvlog\427\427_acoustic.npy,
428_audio,428,D:\ieee-final-dep\datasets\raw\dvlog\428\428_acoustic.npy,
429_audio,429,D:\ieee-final-dep\datasets\raw\dvlog\429\429_acoustic.npy,
43_audio,43,D:\ieee-final-dep\datasets\raw\dvlog\43\43_acoustic.npy,
430_audio,430,D:\ieee-final-dep\datasets\raw\dvlog\430\430_acoustic.npy,
431_audio,431,D:\ieee-final-dep\datasets\raw\dvlog\431\431_acoustic.npy,
432_audio,432,D:\ieee-final-dep\datasets\raw\dvlog\432\432_acoustic.npy,
433_audio,433,D:\ieee-final-dep\datasets\raw\dvlog\433\433_acoustic.npy,
434_audio,434,D:\ieee-final-dep\datasets\raw\dvlog\434\434_acoustic.npy,
435_audio,435,D:\ieee-final-dep\datasets\raw\dvlog\435\435_acoustic.npy,
436_audio,436,D:\ieee-final-dep\datasets\raw\dvlog\436\436_acoustic.npy,
437_audio,437,D:\ieee-final-dep\datasets\raw\dvlog\437\437_acoustic.npy,
438_audio,438,D:\ieee-final-dep\datasets\raw\dvlog\438\438_acoustic.npy,
439_audio,439,D:\ieee-final-dep\datasets\raw\dvlog\439\439_acoustic.npy,
44_audio,44,D:\ieee-final-dep\datasets\raw\dvlog\44\44_acoustic.npy,
440_audio,440,D:\ieee-final-dep\datasets\raw\dvlog\440\440_acoustic.npy,
441_audio,441,D:\ieee-final-dep\datasets\raw\dvlog\441\441_acoustic.npy,
442_audio,442,D:\ieee-final-dep\datasets\raw\dvlog\442\442_acoustic.npy,
443_audio,443,D:\ieee-final-dep\datasets\raw\dvlog\443\443_acoustic.npy,
444_audio,444,D:\ieee-final-dep\datasets\raw\dvlog\444\444_acoustic.npy,
445_audio,445,D:\ieee-final-dep\datasets\raw\dvlog\445\445_acoustic.npy,
446_audio,446,D:\ieee-final-dep\datasets\raw\dvlog\446\446_acoustic.npy,
447_audio,447,D:\ieee-final-dep\datasets\raw\dvlog\447\447_acoustic.npy,
448_audio,448,D:\ieee-final-dep\datasets\raw\dvlog\448\448_acoustic.npy,
449_audio,449,D:\ieee-final-dep\datasets\raw\dvlog\449\449_acoustic.npy,
45_audio,45,D:\ieee-final-dep\datasets\raw\dvlog\45\45_acoustic.npy,
450_audio,450,D:\ieee-final-dep\datasets\raw\dvlog\450\450_acoustic.npy,
451_audio,451,D:\ieee-final-dep\datasets\raw\dvlog\451\451_acoustic.npy,
452_audio,452,D:\ieee-final-dep\datasets\raw\dvlog\452\452_acoustic.npy,
453_audio,453,D:\ieee-final-dep\datasets\raw\dvlog\453\453_acoustic.npy,
454_audio,454,D:\ieee-final-dep\datasets\raw\dvlog\454\454_acoustic.npy,
455_audio,455,D:\ieee-final-dep\datasets\raw\dvlog\455\455_acoustic.npy,
456_audio,456,D:\ieee-final-dep\datasets\raw\dvlog\456\456_acoustic.npy,
457_audio,457,D:\ieee-final-dep\datasets\raw\dvlog\457\457_acoustic.npy,
458_audio,458,D:\ieee-final-dep\datasets\raw\dvlog\458\458_acoustic.npy,
459_audio,459,D:\ieee-final-dep\datasets\raw\dvlog\459\459_acoustic.npy,
46_audio,46,D:\ieee-final-dep\datasets\raw\dvlog\46\46_acoustic.npy,
460_audio,460,D:\ieee-final-dep\datasets\raw\dvlog\460\460_acoustic.npy,
461_audio,461,D:\ieee-final-dep\datasets\raw\dvlog\461\461_acoustic.npy,
462_audio,462,D:\ieee-final-dep\datasets\raw\dvlog\462\462_acoustic.npy,
463_audio,463,D:\ieee-final-dep\datasets\raw\dvlog\463\463_acoustic.npy,
464_audio,464,D:\ieee-final-dep\datasets\raw\dvlog\464\464_acoustic.npy,
465_audio,465,D:\ieee-final-dep\datasets\raw\dvlog\465\465_acoustic.npy,
466_audio,466,D:\ieee-final-dep\datasets\raw\dvlog\466\466_acoustic.npy,
467_audio,467,D:\ieee-final-dep\datasets\raw\dvlog\467\467_acoustic.npy,
468_audio,468,D:\ieee-final-dep\datasets\raw\dvlog\468\468_acoustic.npy,
469_audio,469,D:\ieee-final-dep\datasets\raw\dvlog\469\469_acoustic.npy,
47_audio,47,D:\ieee-final-dep\datasets\raw\dvlog\47\47_acoustic.npy,
470_audio,470,D:\ieee-final-dep\datasets\raw\dvlog\470\470_acoustic.npy,
471_audio,471,D:\ieee-final-dep\datasets\raw\dvlog\471\471_acoustic.npy,
472_audio,472,D:\ieee-final-dep\datasets\raw\dvlog\472\472_acoustic.npy,
473_audio,473,D:\ieee-final-dep\datasets\raw\dvlog\473\473_acoustic.npy,
474_audio,474,D:\ieee-final-dep\datasets\raw\dvlog\474\474_acoustic.npy,
475_audio,475,D:\ieee-final-dep\datasets\raw\dvlog\475\475_acoustic.npy,
476_audio,476,D:\ieee-final-dep\datasets\raw\dvlog\476\476_acoustic.npy,
477_audio,477,D:\ieee-final-dep\datasets\raw\dvlog\477\477_acoustic.npy,
478_audio,478,D:\ieee-final-dep\datasets\raw\dvlog\478\478_acoustic.npy,
479_audio,479,D:\ieee-final-dep\datasets\raw\dvlog\479\479_acoustic.npy,
48_audio,48,D:\ieee-final-dep\datasets\raw\dvlog\48\48_acoustic.npy,
480_audio,480,D:\ieee-final-dep\datasets\raw\dvlog\480\480_acoustic.npy,
481_audio,481,D:\ieee-final-dep\datasets\raw\dvlog\481\481_acoustic.npy,
482_audio,482,D:\ieee-final-dep\datasets\raw\dvlog\482\482_acoustic.npy,
483_audio,483,D:\ieee-final-dep\datasets\raw\dvlog\483\483_acoustic.npy,
484_audio,484,D:\ieee-final-dep\datasets\raw\dvlog\484\484_acoustic.npy,
485_audio,485,D:\ieee-final-dep\datasets\raw\dvlog\485\485_acoustic.npy,
486_audio,486,D:\ieee-final-dep\datasets\raw\dvlog\486\486_acoustic.npy,
487_audio,487,D:\ieee-final-dep\datasets\raw\dvlog\487\487_acoustic.npy,
488_audio,488,D:\ieee-final-dep\datasets\raw\dvlog\488\488_acoustic.npy,
489_audio,489,D:\ieee-final-dep\datasets\raw\dvlog\489\489_acoustic.npy,
49_audio,49,D:\ieee-final-dep\datasets\raw\dvlog\49\49_acoustic.npy,
490_audio,490,D:\ieee-final-dep\datasets\raw\dvlog\490\490_acoustic.npy,
491_audio,491,D:\ieee-final-dep\datasets\raw\dvlog\491\491_acoustic.npy,
492_audio,492,D:\ieee-final-dep\datasets\raw\dvlog\492\492_acoustic.npy,
493_audio,493,D:\ieee-final-dep\datasets\raw\dvlog\493\493_acoustic.npy,
494_audio,494,D:\ieee-final-dep\datasets\raw\dvlog\494\494_acoustic.npy,
495_audio,495,D:\ieee-final-dep\datasets\raw\dvlog\495\495_acoustic.npy,
496_audio,496,D:\ieee-final-dep\datasets\raw\dvlog\496\496_acoustic.npy,
497_audio,497,D:\ieee-final-dep\datasets\raw\dvlog\497\497_acoustic.npy,
498_audio,498,D:\ieee-final-dep\datasets\raw\dvlog\498\498_acoustic.npy,
499_audio,499,D:\ieee-final-dep\datasets\raw\dvlog\499\499_acoustic.npy,
5_audio,5,D:\ieee-final-dep\datasets\raw\dvlog\5\5_acoustic.npy,
50_audio,50,D:\ieee-final-dep\datasets\raw\dvlog\50\50_acoustic.npy,
500_audio,500,D:\ieee-final-dep\datasets\raw\dvlog\500\500_acoustic.npy,
501_audio,501,D:\ieee-final-dep\datasets\raw\dvlog\501\501_acoustic.npy,
502_audio,502,D:\ieee-final-dep\datasets\raw\dvlog\502\502_acoustic.npy,
503_audio,503,D:\ieee-final-dep\datasets\raw\dvlog\503\503_acoustic.npy,
504_audio,504,D:\ieee-final-dep\datasets\raw\dvlog\504\504_acoustic.npy,
505_audio,505,D:\ieee-final-dep\datasets\raw\dvlog\505\505_acoustic.npy,
506_audio,506,D:\ieee-final-dep\datasets\raw\dvlog\506\506_acoustic.npy,
507_audio,507,D:\ieee-final-dep\datasets\raw\dvlog\507\507_acoustic.npy,
508_audio,508,D:\ieee-final-dep\datasets\raw\dvlog\508\508_acoustic.npy,
509_audio,509,D:\ieee-final-dep\datasets\raw\dvlog\509\509_acoustic.npy,
51_audio,51,D:\ieee-final-dep\datasets\raw\dvlog\51\51_acoustic.npy,
510_audio,510,D:\ieee-final-dep\datasets\raw\dvlog\510\510_acoustic.npy,
511_audio,511,D:\ieee-final-dep\datasets\raw\dvlog\511\511_acoustic.npy,
512_audio,512,D:\ieee-final-dep\datasets\raw\dvlog\512\512_acoustic.npy,
513_audio,513,D:\ieee-final-dep\datasets\raw\dvlog\513\513_acoustic.npy,
514_audio,514,D:\ieee-final-dep\datasets\raw\dvlog\514\514_acoustic.npy,
515_audio,515,D:\ieee-final-dep\datasets\raw\dvlog\515\515_acoustic.npy,
516_audio,516,D:\ieee-final-dep\datasets\raw\dvlog\516\516_acoustic.npy,
517_audio,517,D:\ieee-final-dep\datasets\raw\dvlog\517\517_acoustic.npy,
518_audio,518,D:\ieee-final-dep\datasets\raw\dvlog\518\518_acoustic.npy,
519_audio,519,D:\ieee-final-dep\datasets\raw\dvlog\519\519_acoustic.npy,
52_audio,52,D:\ieee-final-dep\datasets\raw\dvlog\52\52_acoustic.npy,
520_audio,520,D:\ieee-final-dep\datasets\raw\dvlog\520\520_acoustic.npy,
521_audio,521,D:\ieee-final-dep\datasets\raw\dvlog\521\521_acoustic.npy,
522_audio,522,D:\ieee-final-dep\datasets\raw\dvlog\522\522_acoustic.npy,
523_audio,523,D:\ieee-final-dep\datasets\raw\dvlog\523\523_acoustic.npy,
524_audio,524,D:\ieee-final-dep\datasets\raw\dvlog\524\524_acoustic.npy,
525_audio,525,D:\ieee-final-dep\datasets\raw\dvlog\525\525_acoustic.npy,
526_audio,526,D:\ieee-final-dep\datasets\raw\dvlog\526\526_acoustic.npy,
527_audio,527,D:\ieee-final-dep\datasets\raw\dvlog\527\527_acoustic.npy,
528_audio,528,D:\ieee-final-dep\datasets\raw\dvlog\528\528_acoustic.npy,
529_audio,529,D:\ieee-final-dep\datasets\raw\dvlog\529\529_acoustic.npy,
53_audio,53,D:\ieee-final-dep\datasets\raw\dvlog\53\53_acoustic.npy,
530_audio,530,D:\ieee-final-dep\datasets\raw\dvlog\530\530_acoustic.npy,
531_audio,531,D:\ieee-final-dep\datasets\raw\dvlog\531\531_acoustic.npy,
532_audio,532,D:\ieee-final-dep\datasets\raw\dvlog\532\532_acoustic.npy,
533_audio,533,D:\ieee-final-dep\datasets\raw\dvlog\533\533_acoustic.npy,
534_audio,534,D:\ieee-final-dep\datasets\raw\dvlog\534\534_acoustic.npy,
535_audio,535,D:\ieee-final-dep\datasets\raw\dvlog\535\535_acoustic.npy,
536_audio,536,D:\ieee-final-dep\datasets\raw\dvlog\536\536_acoustic.npy,
537_audio,537,D:\ieee-final-dep\datasets\raw\dvlog\537\537_acoustic.npy,
538_audio,538,D:\ieee-final-dep\datasets\raw\dvlog\538\538_acoustic.npy,
539_audio,539,D:\ieee-final-dep\datasets\raw\dvlog\539\539_acoustic.npy,
54_audio,54,D:\ieee-final-dep\datasets\raw\dvlog\54\54_acoustic.npy,
540_audio,540,D:\ieee-final-dep\datasets\raw\dvlog\540\540_acoustic.npy,
541_audio,541,D:\ieee-final-dep\datasets\raw\dvlog\541\541_acoustic.npy,
542_audio,542,D:\ieee-final-dep\datasets\raw\dvlog\542\542_acoustic.npy,
543_audio,543,D:\ieee-final-dep\datasets\raw\dvlog\543\543_acoustic.npy,
544_audio,544,D:\ieee-final-dep\datasets\raw\dvlog\544\544_acoustic.npy,
545_audio,545,D:\ieee-final-dep\datasets\raw\dvlog\545\545_acoustic.npy,
546_audio,546,D:\ieee-final-dep\datasets\raw\dvlog\546\546_acoustic.npy,
547_audio,547,D:\ieee-final-dep\datasets\raw\dvlog\547\547_acoustic.npy,
548_audio,548,D:\ieee-final-dep\datasets\raw\dvlog\548\548_acoustic.npy,
549_audio,549,D:\ieee-final-dep\datasets\raw\dvlog\549\549_acoustic.npy,
55_audio,55,D:\ieee-final-dep\datasets\raw\dvlog\55\55_acoustic.npy,
550_audio,550,D:\ieee-final-dep\datasets\raw\dvlog\550\550_acoustic.npy,
551_audio,551,D:\ieee-final-dep\datasets\raw\dvlog\551\551_acoustic.npy,
552_audio,552,D:\ieee-final-dep\datasets\raw\dvlog\552\552_acoustic.npy,
553_audio,553,D:\ieee-final-dep\datasets\raw\dvlog\553\553_acoustic.npy,
554_audio,554,D:\ieee-final-dep\datasets\raw\dvlog\554\554_acoustic.npy,
555_audio,555,D:\ieee-final-dep\datasets\raw\dvlog\555\555_acoustic.npy,
556_audio,556,D:\ieee-final-dep\datasets\raw\dvlog\556\556_acoustic.npy,
557_audio,557,D:\ieee-final-dep\datasets\raw\dvlog\557\557_acoustic.npy,
558_audio,558,D:\ieee-final-dep\datasets\raw\dvlog\558\558_acoustic.npy,
559_audio,559,D:\ieee-final-dep\datasets\raw\dvlog\559\559_acoustic.npy,
56_audio,56,D:\ieee-final-dep\datasets\raw\dvlog\56\56_acoustic.npy,
560_audio,560,D:\ieee-final-dep\datasets\raw\dvlog\560\560_acoustic.npy,
561_audio,561,D:\ieee-final-dep\datasets\raw\dvlog\561\561_acoustic.npy,
562_audio,562,D:\ieee-final-dep\datasets\raw\dvlog\562\562_acoustic.npy,
563_audio,563,D:\ieee-final-dep\datasets\raw\dvlog\563\563_acoustic.npy,
564_audio,564,D:\ieee-final-dep\datasets\raw\dvlog\564\564_acoustic.npy,
565_audio,565,D:\ieee-final-dep\datasets\raw\dvlog\565\565_acoustic.npy,
566_audio,566,D:\ieee-final-dep\datasets\raw\dvlog\566\566_acoustic.npy,
567_audio,567,D:\ieee-final-dep\datasets\raw\dvlog\567\567_acoustic.npy,
568_audio,568,D:\ieee-final-dep\datasets\raw\dvlog\568\568_acoustic.npy,
569_audio,569,D:\ieee-final-dep\datasets\raw\dvlog\569\569_acoustic.npy,
57_audio,57,D:\ieee-final-dep\datasets\raw\dvlog\57\57_acoustic.npy,
570_audio,570,D:\ieee-final-dep\datasets\raw\dvlog\570\570_acoustic.npy,
571_audio,571,D:\ieee-final-dep\datasets\raw\dvlog\571\571_acoustic.npy,
572_audio,572,D:\ieee-final-dep\datasets\raw\dvlog\572\572_acoustic.npy,
573_audio,573,D:\ieee-final-dep\datasets\raw\dvlog\573\573_acoustic.npy,
574_audio,574,D:\ieee-final-dep\datasets\raw\dvlog\574\574_acoustic.npy,
575_audio,575,D:\ieee-final-dep\datasets\raw\dvlog\575\575_acoustic.npy,
576_audio,576,D:\ieee-final-dep\datasets\raw\dvlog\576\576_acoustic.npy,
577_audio,577,D:\ieee-final-dep\datasets\raw\dvlog\577\577_acoustic.npy,
578_audio,578,D:\ieee-final-dep\datasets\raw\dvlog\578\578_acoustic.npy,
579_audio,579,D:\ieee-final-dep\datasets\raw\dvlog\579\579_acoustic.npy,
58_audio,58,D:\ieee-final-dep\datasets\raw\dvlog\58\58_acoustic.npy,
580_audio,580,D:\ieee-final-dep\datasets\raw\dvlog\580\580_acoustic.npy,
581_audio,581,D:\ieee-final-dep\datasets\raw\dvlog\581\581_acoustic.npy,
582_audio,582,D:\ieee-final-dep\datasets\raw\dvlog\582\582_acoustic.npy,
583_audio,583,D:\ieee-final-dep\datasets\raw\dvlog\583\583_acoustic.npy,
584_audio,584,D:\ieee-final-dep\datasets\raw\dvlog\584\584_acoustic.npy,
585_audio,585,D:\ieee-final-dep\datasets\raw\dvlog\585\585_acoustic.npy,
586_audio,586,D:\ieee-final-dep\datasets\raw\dvlog\586\586_acoustic.npy,
587_audio,587,D:\ieee-final-dep\datasets\raw\dvlog\587\587_acoustic.npy,
588_audio,588,D:\ieee-final-dep\datasets\raw\dvlog\588\588_acoustic.npy,
589_audio,589,D:\ieee-final-dep\datasets\raw\dvlog\589\589_acoustic.npy,
59_audio,59,D:\ieee-final-dep\datasets\raw\dvlog\59\59_acoustic.npy,
590_audio,590,D:\ieee-final-dep\datasets\raw\dvlog\590\590_acoustic.npy,
591_audio,591,D:\ieee-final-dep\datasets\raw\dvlog\591\591_acoustic.npy,
592_audio,592,D:\ieee-final-dep\datasets\raw\dvlog\592\592_acoustic.npy,
593_audio,593,D:\ieee-final-dep\datasets\raw\dvlog\593\593_acoustic.npy,
594_audio,594,D:\ieee-final-dep\datasets\raw\dvlog\594\594_acoustic.npy,
595_audio,595,D:\ieee-final-dep\datasets\raw\dvlog\595\595_acoustic.npy,
596_audio,596,D:\ieee-final-dep\datasets\raw\dvlog\596\596_acoustic.npy,
597_audio,597,D:\ieee-final-dep\datasets\raw\dvlog\597\597_acoustic.npy,
598_audio,598,D:\ieee-final-dep\datasets\raw\dvlog\598\598_acoustic.npy,
599_audio,599,D:\ieee-final-dep\datasets\raw\dvlog\599\599_acoustic.npy,
6_audio,6,D:\ieee-final-dep\datasets\raw\dvlog\6\6_acoustic.npy,
60_audio,60,D:\ieee-final-dep\datasets\raw\dvlog\60\60_acoustic.npy,
600_audio,600,D:\ieee-final-dep\datasets\raw\dvlog\600\600_acoustic.npy,
601_audio,601,D:\ieee-final-dep\datasets\raw\dvlog\601\601_acoustic.npy,
602_audio,602,D:\ieee-final-dep\datasets\raw\dvlog\602\602_acoustic.npy,
603_audio,603,D:\ieee-final-dep\datasets\raw\dvlog\603\603_acoustic.npy,
604_audio,604,D:\ieee-final-dep\datasets\raw\dvlog\604\604_acoustic.npy,
605_audio,605,D:\ieee-final-dep\datasets\raw\dvlog\605\605_acoustic.npy,
606_audio,606,D:\ieee-final-dep\datasets\raw\dvlog\606\606_acoustic.npy,
607_audio,607,D:\ieee-final-dep\datasets\raw\dvlog\607\607_acoustic.npy,
608_audio,608,D:\ieee-final-dep\datasets\raw\dvlog\608\608_acoustic.npy,
609_audio,609,D:\ieee-final-dep\datasets\raw\dvlog\609\609_acoustic.npy,
61_audio,61,D:\ieee-final-dep\datasets\raw\dvlog\61\61_acoustic.npy,
610_audio,610,D:\ieee-final-dep\datasets\raw\dvlog\610\610_acoustic.npy,
611_audio,611,D:\ieee-final-dep\datasets\raw\dvlog\611\611_acoustic.npy,
612_audio,612,D:\ieee-final-dep\datasets\raw\dvlog\612\612_acoustic.npy,
613_audio,613,D:\ieee-final-dep\datasets\raw\dvlog\613\613_acoustic.npy,
614_audio,614,D:\ieee-final-dep\datasets\raw\dvlog\614\614_acoustic.npy,
615_audio,615,D:\ieee-final-dep\datasets\raw\dvlog\615\615_acoustic.npy,
616_audio,616,D:\ieee-final-dep\datasets\raw\dvlog\616\616_acoustic.npy,
617_audio,617,D:\ieee-final-dep\datasets\raw\dvlog\617\617_acoustic.npy,
618_audio,618,D:\ieee-final-dep\datasets\raw\dvlog\618\618_acoustic.npy,
619_audio,619,D:\ieee-final-dep\datasets\raw\dvlog\619\619_acoustic.npy,
62_audio,62,D:\ieee-final-dep\datasets\raw\dvlog\62\62_acoustic.npy,
620_audio,620,D:\ieee-final-dep\datasets\raw\dvlog\620\620_acoustic.npy,
621_audio,621,D:\ieee-final-dep\datasets\raw\dvlog\621\621_acoustic.npy,
622_audio,622,D:\ieee-final-dep\datasets\raw\dvlog\622\622_acoustic.npy,
623_audio,623,D:\ieee-final-dep\datasets\raw\dvlog\623\623_acoustic.npy,
624_audio,624,D:\ieee-final-dep\datasets\raw\dvlog\624\624_acoustic.npy,
625_audio,625,D:\ieee-final-dep\datasets\raw\dvlog\625\625_acoustic.npy,
626_audio,626,D:\ieee-final-dep\datasets\raw\dvlog\626\626_acoustic.npy,
627_audio,627,D:\ieee-final-dep\datasets\raw\dvlog\627\627_acoustic.npy,
628_audio,628,D:\ieee-final-dep\datasets\raw\dvlog\628\628_acoustic.npy,
629_audio,629,D:\ieee-final-dep\datasets\raw\dvlog\629\629_acoustic.npy,
63_audio,63,D:\ieee-final-dep\datasets\raw\dvlog\63\63_acoustic.npy,
630_audio,630,D:\ieee-final-dep\datasets\raw\dvlog\630\630_acoustic.npy,
631_audio,631,D:\ieee-final-dep\datasets\raw\dvlog\631\631_acoustic.npy,
632_audio,632,D:\ieee-final-dep\datasets\raw\dvlog\632\632_acoustic.npy,
633_audio,633,D:\ieee-final-dep\datasets\raw\dvlog\633\633_acoustic.npy,
634_audio,634,D:\ieee-final-dep\datasets\raw\dvlog\634\634_acoustic.npy,
635_audio,635,D:\ieee-final-dep\datasets\raw\dvlog\635\635_acoustic.npy,
636_audio,636,D:\ieee-final-dep\datasets\raw\dvlog\636\636_acoustic.npy,
637_audio,637,D:\ieee-final-dep\datasets\raw\dvlog\637\637_acoustic.npy,
638_audio,638,D:\ieee-final-dep\datasets\raw\dvlog\638\638_acoustic.npy,
639_audio,639,D:\ieee-final-dep\datasets\raw\dvlog\639\639_acoustic.npy,
64_audio,64,D:\ieee-final-dep\datasets\raw\dvlog\64\64_acoustic.npy,
640_audio,640,D:\ieee-final-dep\datasets\raw\dvlog\640\640_acoustic.npy,
641_audio,641,D:\ieee-final-dep\datasets\raw\dvlog\641\641_acoustic.npy,
642_audio,642,D:\ieee-final-dep\datasets\raw\dvlog\642\642_acoustic.npy,
643_audio,643,D:\ieee-final-dep\datasets\raw\dvlog\643\643_acoustic.npy,
644_audio,644,D:\ieee-final-dep\datasets\raw\dvlog\644\644_acoustic.npy,
645_audio,645,D:\ieee-final-dep\datasets\raw\dvlog\645\645_acoustic.npy,
646_audio,646,D:\ieee-final-dep\datasets\raw\dvlog\646\646_acoustic.npy,
647_audio,647,D:\ieee-final-dep\datasets\raw\dvlog\647\647_acoustic.npy,
648_audio,648,D:\ieee-final-dep\datasets\raw\dvlog\648\648_acoustic.npy,
649_audio,649,D:\ieee-final-dep\datasets\raw\dvlog\649\649_acoustic.npy,
65_audio,65,D:\ieee-final-dep\datasets\raw\dvlog\65\65_acoustic.npy,
650_audio,650,D:\ieee-final-dep\datasets\raw\dvlog\650\650_acoustic.npy,
651_audio,651,D:\ieee-final-dep\datasets\raw\dvlog\651\651_acoustic.npy,
652_audio,652,D:\ieee-final-dep\datasets\raw\dvlog\652\652_acoustic.npy,
653_audio,653,D:\ieee-final-dep\datasets\raw\dvlog\653\653_acoustic.npy,
654_audio,654,D:\ieee-final-dep\datasets\raw\dvlog\654\654_acoustic.npy,
655_audio,655,D:\ieee-final-dep\datasets\raw\dvlog\655\655_acoustic.npy,
656_audio,656,D:\ieee-final-dep\datasets\raw\dvlog\656\656_acoustic.npy,
657_audio,657,D:\ieee-final-dep\datasets\raw\dvlog\657\657_acoustic.npy,
658_audio,658,D:\ieee-final-dep\datasets\raw\dvlog\658\658_acoustic.npy,
659_audio,659,D:\ieee-final-dep\datasets\raw\dvlog\659\659_acoustic.npy,
66_audio,66,D:\ieee-final-dep\datasets\raw\dvlog\66\66_acoustic.npy,
660_audio,660,D:\ieee-final-dep\datasets\raw\dvlog\660\660_acoustic.npy,
661_audio,661,D:\ieee-final-dep\datasets\raw\dvlog\661\661_acoustic.npy,
662_audio,662,D:\ieee-final-dep\datasets\raw\dvlog\662\662_acoustic.npy,
663_audio,663,D:\ieee-final-dep\datasets\raw\dvlog\663\663_acoustic.npy,
664_audio,664,D:\ieee-final-dep\datasets\raw\dvlog\664\664_acoustic.npy,
665_audio,665,D:\ieee-final-dep\datasets\raw\dvlog\665\665_acoustic.npy,
666_audio,666,D:\ieee-final-dep\datasets\raw\dvlog\666\666_acoustic.npy,
667_audio,667,D:\ieee-final-dep\datasets\raw\dvlog\667\667_acoustic.npy,
668_audio,668,D:\ieee-final-dep\datasets\raw\dvlog\668\668_acoustic.npy,
669_audio,669,D:\ieee-final-dep\datasets\raw\dvlog\669\669_acoustic.npy,
67_audio,67,D:\ieee-final-dep\datasets\raw\dvlog\67\67_acoustic.npy,
670_audio,670,D:\ieee-final-dep\datasets\raw\dvlog\670\670_acoustic.npy,
671_audio,671,D:\ieee-final-dep\datasets\raw\dvlog\671\671_acoustic.npy,
672_audio,672,D:\ieee-final-dep\datasets\raw\dvlog\672\672_acoustic.npy,
673_audio,673,D:\ieee-final-dep\datasets\raw\dvlog\673\673_acoustic.npy,
674_audio,674,D:\ieee-final-dep\datasets\raw\dvlog\674\674_acoustic.npy,
675_audio,675,D:\ieee-final-dep\datasets\raw\dvlog\675\675_acoustic.npy,
676_audio,676,D:\ieee-final-dep\datasets\raw\dvlog\676\676_acoustic.npy,
677_audio,677,D:\ieee-final-dep\datasets\raw\dvlog\677\677_acoustic.npy,
678_audio,678,D:\ieee-final-dep\datasets\raw\dvlog\678\678_acoustic.npy,
679_audio,679,D:\ieee-final-dep\datasets\raw\dvlog\679\679_acoustic.npy,
68_audio,68,D:\ieee-final-dep\datasets\raw\dvlog\68\68_acoustic.npy,
680_audio,680,D:\ieee-final-dep\datasets\raw\dvlog\680\680_acoustic.npy,
681_audio,681,D:\ieee-final-dep\datasets\raw\dvlog\681\681_acoustic.npy,
682_audio,682,D:\ieee-final-dep\datasets\raw\dvlog\682\682_acoustic.npy,
683_audio,683,D:\ieee-final-dep\datasets\raw\dvlog\683\683_acoustic.npy,
684_audio,684,D:\ieee-final-dep\datasets\raw\dvlog\684\684_acoustic.npy,
685_audio,685,D:\ieee-final-dep\datasets\raw\dvlog\685\685_acoustic.npy,
686_audio,686,D:\ieee-final-dep\datasets\raw\dvlog\686\686_acoustic.npy,
687_audio,687,D:\ieee-final-dep\datasets\raw\dvlog\687\687_acoustic.npy,
688_audio,688,D:\ieee-final-dep\datasets\raw\dvlog\688\688_acoustic.npy,
689_audio,689,D:\ieee-final-dep\datasets\raw\dvlog\689\689_acoustic.npy,
69_audio,69,D:\ieee-final-dep\datasets\raw\dvlog\69\69_acoustic.npy,
690_audio,690,D:\ieee-final-dep\datasets\raw\dvlog\690\690_acoustic.npy,
691_audio,691,D:\ieee-final-dep\datasets\raw\dvlog\691\691_acoustic.npy,
692_audio,692,D:\ieee-final-dep\datasets\raw\dvlog\692\692_acoustic.npy,
693_audio,693,D:\ieee-final-dep\datasets\raw\dvlog\693\693_acoustic.npy,
694_audio,694,D:\ieee-final-dep\datasets\raw\dvlog\694\694_acoustic.npy,
695_audio,695,D:\ieee-final-dep\datasets\raw\dvlog\695\695_acoustic.npy,
696_audio,696,D:\ieee-final-dep\datasets\raw\dvlog\696\696_acoustic.npy,
697_audio,697,D:\ieee-final-dep\datasets\raw\dvlog\697\697_acoustic.npy,
698_audio,698,D:\ieee-final-dep\datasets\raw\dvlog\698\698_acoustic.npy,
699_audio,699,D:\ieee-final-dep\datasets\raw\dvlog\699\699_acoustic.npy,
7_audio,7,D:\ieee-final-dep\datasets\raw\dvlog\7\7_acoustic.npy,
70_audio,70,D:\ieee-final-dep\datasets\raw\dvlog\70\70_acoustic.npy,
700_audio,700,D:\ieee-final-dep\datasets\raw\dvlog\700\700_acoustic.npy,
701_audio,701,D:\ieee-final-dep\datasets\raw\dvlog\701\701_acoustic.npy,
702_audio,702,D:\ieee-final-dep\datasets\raw\dvlog\702\702_acoustic.npy,
703_audio,703,D:\ieee-final-dep\datasets\raw\dvlog\703\703_acoustic.npy,
704_audio,704,D:\ieee-final-dep\datasets\raw\dvlog\704\704_acoustic.npy,
705_audio,705,D:\ieee-final-dep\datasets\raw\dvlog\705\705_acoustic.npy,
706_audio,706,D:\ieee-final-dep\datasets\raw\dvlog\706\706_acoustic.npy,
707_audio,707,D:\ieee-final-dep\datasets\raw\dvlog\707\707_acoustic.npy,
708_audio,708,D:\ieee-final-dep\datasets\raw\dvlog\708\708_acoustic.npy,
709_audio,709,D:\ieee-final-dep\datasets\raw\dvlog\709\709_acoustic.npy,
71_audio,71,D:\ieee-final-dep\datasets\raw\dvlog\71\71_acoustic.npy,
710_audio,710,D:\ieee-final-dep\datasets\raw\dvlog\710\710_acoustic.npy,
711_audio,711,D:\ieee-final-dep\datasets\raw\dvlog\711\711_acoustic.npy,
712_audio,712,D:\ieee-final-dep\datasets\raw\dvlog\712\712_acoustic.npy,
713_audio,713,D:\ieee-final-dep\datasets\raw\dvlog\713\713_acoustic.npy,
714_audio,714,D:\ieee-final-dep\datasets\raw\dvlog\714\714_acoustic.npy,
715_audio,715,D:\ieee-final-dep\datasets\raw\dvlog\715\715_acoustic.npy,
716_audio,716,D:\ieee-final-dep\datasets\raw\dvlog\716\716_acoustic.npy,
717_audio,717,D:\ieee-final-dep\datasets\raw\dvlog\717\717_acoustic.npy,
718_audio,718,D:\ieee-final-dep\datasets\raw\dvlog\718\718_acoustic.npy,
719_audio,719,D:\ieee-final-dep\datasets\raw\dvlog\719\719_acoustic.npy,
72_audio,72,D:\ieee-final-dep\datasets\raw\dvlog\72\72_acoustic.npy,
720_audio,720,D:\ieee-final-dep\datasets\raw\dvlog\720\720_acoustic.npy,
721_audio,721,D:\ieee-final-dep\datasets\raw\dvlog\721\721_acoustic.npy,
722_audio,722,D:\ieee-final-dep\datasets\raw\dvlog\722\722_acoustic.npy,
723_audio,723,D:\ieee-final-dep\datasets\raw\dvlog\723\723_acoustic.npy,
724_audio,724,D:\ieee-final-dep\datasets\raw\dvlog\724\724_acoustic.npy,
725_audio,725,D:\ieee-final-dep\datasets\raw\dvlog\725\725_acoustic.npy,
726_audio,726,D:\ieee-final-dep\datasets\raw\dvlog\726\726_acoustic.npy,
727_audio,727,D:\ieee-final-dep\datasets\raw\dvlog\727\727_acoustic.npy,
728_audio,728,D:\ieee-final-dep\datasets\raw\dvlog\728\728_acoustic.npy,
729_audio,729,D:\ieee-final-dep\datasets\raw\dvlog\729\729_acoustic.npy,
73_audio,73,D:\ieee-final-dep\datasets\raw\dvlog\73\73_acoustic.npy,
730_audio,730,D:\ieee-final-dep\datasets\raw\dvlog\730\730_acoustic.npy,
731_audio,731,D:\ieee-final-dep\datasets\raw\dvlog\731\731_acoustic.npy,
732_audio,732,D:\ieee-final-dep\datasets\raw\dvlog\732\732_acoustic.npy,
733_audio,733,D:\ieee-final-dep\datasets\raw\dvlog\733\733_acoustic.npy,
734_audio,734,D:\ieee-final-dep\datasets\raw\dvlog\734\734_acoustic.npy,
735_audio,735,D:\ieee-final-dep\datasets\raw\dvlog\735\735_acoustic.npy,
736_audio,736,D:\ieee-final-dep\datasets\raw\dvlog\736\736_acoustic.npy,
737_audio,737,D:\ieee-final-dep\datasets\raw\dvlog\737\737_acoustic.npy,
738_audio,738,D:\ieee-final-dep\datasets\raw\dvlog\738\738_acoustic.npy,
739_audio,739,D:\ieee-final-dep\datasets\raw\dvlog\739\739_acoustic.npy,
74_audio,74,D:\ieee-final-dep\datasets\raw\dvlog\74\74_acoustic.npy,
740_audio,740,D:\ieee-final-dep\datasets\raw\dvlog\740\740_acoustic.npy,
741_audio,741,D:\ieee-final-dep\datasets\raw\dvlog\741\741_acoustic.npy,
742_audio,742,D:\ieee-final-dep\datasets\raw\dvlog\742\742_acoustic.npy,
743_audio,743,D:\ieee-final-dep\datasets\raw\dvlog\743\743_acoustic.npy,
744_audio,744,D:\ieee-final-dep\datasets\raw\dvlog\744\744_acoustic.npy,
745_audio,745,D:\ieee-final-dep\datasets\raw\dvlog\745\745_acoustic.npy,
746_audio,746,D:\ieee-final-dep\datasets\raw\dvlog\746\746_acoustic.npy,
747_audio,747,D:\ieee-final-dep\datasets\raw\dvlog\747\747_acoustic.npy,
748_audio,748,D:\ieee-final-dep\datasets\raw\dvlog\748\748_acoustic.npy,
749_audio,749,D:\ieee-final-dep\datasets\raw\dvlog\749\749_acoustic.npy,
75_audio,75,D:\ieee-final-dep\datasets\raw\dvlog\75\75_acoustic.npy,
750_audio,750,D:\ieee-final-dep\datasets\raw\dvlog\750\750_acoustic.npy,
751_audio,751,D:\ieee-final-dep\datasets\raw\dvlog\751\751_acoustic.npy,
752_audio,752,D:\ieee-final-dep\datasets\raw\dvlog\752\752_acoustic.npy,
753_audio,753,D:\ieee-final-dep\datasets\raw\dvlog\753\753_acoustic.npy,
754_audio,754,D:\ieee-final-dep\datasets\raw\dvlog\754\754_acoustic.npy,
755_audio,755,D:\ieee-final-dep\datasets\raw\dvlog\755\755_acoustic.npy,
756_audio,756,D:\ieee-final-dep\datasets\raw\dvlog\756\756_acoustic.npy,
757_audio,757,D:\ieee-final-dep\datasets\raw\dvlog\757\757_acoustic.npy,
758_audio,758,D:\ieee-final-dep\datasets\raw\dvlog\758\758_acoustic.npy,
759_audio,759,D:\ieee-final-dep\datasets\raw\dvlog\759\759_acoustic.npy,
76_audio,76,D:\ieee-final-dep\datasets\raw\dvlog\76\76_acoustic.npy,
760_audio,760,D:\ieee-final-dep\datasets\raw\dvlog\760\760_acoustic.npy,
761_audio,761,D:\ieee-final-dep\datasets\raw\dvlog\761\761_acoustic.npy,
762_audio,762,D:\ieee-final-dep\datasets\raw\dvlog\762\762_acoustic.npy,
763_audio,763,D:\ieee-final-dep\datasets\raw\dvlog\763\763_acoustic.npy,
764_audio,764,D:\ieee-final-dep\datasets\raw\dvlog\764\764_acoustic.npy,
765_audio,765,D:\ieee-final-dep\datasets\raw\dvlog\765\765_acoustic.npy,
766_audio,766,D:\ieee-final-dep\datasets\raw\dvlog\766\766_acoustic.npy,
767_audio,767,D:\ieee-final-dep\datasets\raw\dvlog\767\767_acoustic.npy,
768_audio,768,D:\ieee-final-dep\datasets\raw\dvlog\768\768_acoustic.npy,
769_audio,769,D:\ieee-final-dep\datasets\raw\dvlog\769\769_acoustic.npy,
77_audio,77,D:\ieee-final-dep\datasets\raw\dvlog\77\77_acoustic.npy,
770_audio,770,D:\ieee-final-dep\datasets\raw\dvlog\770\770_acoustic.npy,
771_audio,771,D:\ieee-final-dep\datasets\raw\dvlog\771\771_acoustic.npy,
772_audio,772,D:\ieee-final-dep\datasets\raw\dvlog\772\772_acoustic.npy,
773_audio,773,D:\ieee-final-dep\datasets\raw\dvlog\773\773_acoustic.npy,
774_audio,774,D:\ieee-final-dep\datasets\raw\dvlog\774\774_acoustic.npy,
775_audio,775,D:\ieee-final-dep\datasets\raw\dvlog\775\775_acoustic.npy,
776_audio,776,D:\ieee-final-dep\datasets\raw\dvlog\776\776_acoustic.npy,
777_audio,777,D:\ieee-final-dep\datasets\raw\dvlog\777\777_acoustic.npy,
778_audio,778,D:\ieee-final-dep\datasets\raw\dvlog\778\778_acoustic.npy,
779_audio,779,D:\ieee-final-dep\datasets\raw\dvlog\779\779_acoustic.npy,
78_audio,78,D:\ieee-final-dep\datasets\raw\dvlog\78\78_acoustic.npy,
780_audio,780,D:\ieee-final-dep\datasets\raw\dvlog\780\780_acoustic.npy,
781_audio,781,D:\ieee-final-dep\datasets\raw\dvlog\781\781_acoustic.npy,
782_audio,782,D:\ieee-final-dep\datasets\raw\dvlog\782\782_acoustic.npy,
783_audio,783,D:\ieee-final-dep\datasets\raw\dvlog\783\783_acoustic.npy,
784_audio,784,D:\ieee-final-dep\datasets\raw\dvlog\784\784_acoustic.npy,
785_audio,785,D:\ieee-final-dep\datasets\raw\dvlog\785\785_acoustic.npy,
786_audio,786,D:\ieee-final-dep\datasets\raw\dvlog\786\786_acoustic.npy,
787_audio,787,D:\ieee-final-dep\datasets\raw\dvlog\787\787_acoustic.npy,
788_audio,788,D:\ieee-final-dep\datasets\raw\dvlog\788\788_acoustic.npy,
789_audio,789,D:\ieee-final-dep\datasets\raw\dvlog\789\789_acoustic.npy,
79_audio,79,D:\ieee-final-dep\datasets\raw\dvlog\79\79_acoustic.npy,
790_audio,790,D:\ieee-final-dep\datasets\raw\dvlog\790\790_acoustic.npy,
791_audio,791,D:\ieee-final-dep\datasets\raw\dvlog\791\791_acoustic.npy,
792_audio,792,D:\ieee-final-dep\datasets\raw\dvlog\792\792_acoustic.npy,
793_audio,793,D:\ieee-final-dep\datasets\raw\dvlog\793\793_acoustic.npy,
794_audio,794,D:\ieee-final-dep\datasets\raw\dvlog\794\794_acoustic.npy,
795_audio,795,D:\ieee-final-dep\datasets\raw\dvlog\795\795_acoustic.npy,
796_audio,796,D:\ieee-final-dep\datasets\raw\dvlog\796\796_acoustic.npy,
797_audio,797,D:\ieee-final-dep\datasets\raw\dvlog\797\797_acoustic.npy,
798_audio,798,D:\ieee-final-dep\datasets\raw\dvlog\798\798_acoustic.npy,
799_audio,799,D:\ieee-final-dep\datasets\raw\dvlog\799\799_acoustic.npy,
8_audio,8,D:\ieee-final-dep\datasets\raw\dvlog\8\8_acoustic.npy,
80_audio,80,D:\ieee-final-dep\datasets\raw\dvlog\80\80_acoustic.npy,
800_audio,800,D:\ieee-final-dep\datasets\raw\dvlog\800\800_acoustic.npy,
801_audio,801,D:\ieee-final-dep\datasets\raw\dvlog\801\801_acoustic.npy,
802_audio,802,D:\ieee-final-dep\datasets\raw\dvlog\802\802_acoustic.npy,
803_audio,803,D:\ieee-final-dep\datasets\raw\dvlog\803\803_acoustic.npy,
804_audio,804,D:\ieee-final-dep\datasets\raw\dvlog\804\804_acoustic.npy,
805_audio,805,D:\ieee-final-dep\datasets\raw\dvlog\805\805_acoustic.npy,
806_audio,806,D:\ieee-final-dep\datasets\raw\dvlog\806\806_acoustic.npy,
807_audio,807,D:\ieee-final-dep\datasets\raw\dvlog\807\807_acoustic.npy,
808_audio,808,D:\ieee-final-dep\datasets\raw\dvlog\808\808_acoustic.npy,
809_audio,809,D:\ieee-final-dep\datasets\raw\dvlog\809\809_acoustic.npy,
81_audio,81,D:\ieee-final-dep\datasets\raw\dvlog\81\81_acoustic.npy,
810_audio,810,D:\ieee-final-dep\datasets\raw\dvlog\810\810_acoustic.npy,
811_audio,811,D:\ieee-final-dep\datasets\raw\dvlog\811\811_acoustic.npy,
812_audio,812,D:\ieee-final-dep\datasets\raw\dvlog\812\812_acoustic.npy,
813_audio,813,D:\ieee-final-dep\datasets\raw\dvlog\813\813_acoustic.npy,
814_audio,814,D:\ieee-final-dep\datasets\raw\dvlog\814\814_acoustic.npy,
815_audio,815,D:\ieee-final-dep\datasets\raw\dvlog\815\815_acoustic.npy,
816_audio,816,D:\ieee-final-dep\datasets\raw\dvlog\816\816_acoustic.npy,
817_audio,817,D:\ieee-final-dep\datasets\raw\dvlog\817\817_acoustic.npy,
818_audio,818,D:\ieee-final-dep\datasets\raw\dvlog\818\818_acoustic.npy,
819_audio,819,D:\ieee-final-dep\datasets\raw\dvlog\819\819_acoustic.npy,
82_audio,82,D:\ieee-final-dep\datasets\raw\dvlog\82\82_acoustic.npy,
820_audio,820,D:\ieee-final-dep\datasets\raw\dvlog\820\820_acoustic.npy,
821_audio,821,D:\ieee-final-dep\datasets\raw\dvlog\821\821_acoustic.npy,
822_audio,822,D:\ieee-final-dep\datasets\raw\dvlog\822\822_acoustic.npy,
823_audio,823,D:\ieee-final-dep\datasets\raw\dvlog\823\823_acoustic.npy,
824_audio,824,D:\ieee-final-dep\datasets\raw\dvlog\824\824_acoustic.npy,
825_audio,825,D:\ieee-final-dep\datasets\raw\dvlog\825\825_acoustic.npy,
826_audio,826,D:\ieee-final-dep\datasets\raw\dvlog\826\826_acoustic.npy,
827_audio,827,D:\ieee-final-dep\datasets\raw\dvlog\827\827_acoustic.npy,
828_audio,828,D:\ieee-final-dep\datasets\raw\dvlog\828\828_acoustic.npy,
829_audio,829,D:\ieee-final-dep\datasets\raw\dvlog\829\829_acoustic.npy,
83_audio,83,D:\ieee-final-dep\datasets\raw\dvlog\83\83_acoustic.npy,
830_audio,830,D:\ieee-final-dep\datasets\raw\dvlog\830\830_acoustic.npy,
831_audio,831,D:\ieee-final-dep\datasets\raw\dvlog\831\831_acoustic.npy,
832_audio,832,D:\ieee-final-dep\datasets\raw\dvlog\832\832_acoustic.npy,
833_audio,833,D:\ieee-final-dep\datasets\raw\dvlog\833\833_acoustic.npy,
834_audio,834,D:\ieee-final-dep\datasets\raw\dvlog\834\834_acoustic.npy,
835_audio,835,D:\ieee-final-dep\datasets\raw\dvlog\835\835_acoustic.npy,
836_audio,836,D:\ieee-final-dep\datasets\raw\dvlog\836\836_acoustic.npy,
837_audio,837,D:\ieee-final-dep\datasets\raw\dvlog\837\837_acoustic.npy,
838_audio,838,D:\ieee-final-dep\datasets\raw\dvlog\838\838_acoustic.npy,
839_audio,839,D:\ieee-final-dep\datasets\raw\dvlog\839\839_acoustic.npy,
84_audio,84,D:\ieee-final-dep\datasets\raw\dvlog\84\84_acoustic.npy,
840_audio,840,D:\ieee-final-dep\datasets\raw\dvlog\840\840_acoustic.npy,
841_audio,841,D:\ieee-final-dep\datasets\raw\dvlog\841\841_acoustic.npy,
842_audio,842,D:\ieee-final-dep\datasets\raw\dvlog\842\842_acoustic.npy,
843_audio,843,D:\ieee-final-dep\datasets\raw\dvlog\843\843_acoustic.npy,
844_audio,844,D:\ieee-final-dep\datasets\raw\dvlog\844\844_acoustic.npy,
845_audio,845,D:\ieee-final-dep\datasets\raw\dvlog\845\845_acoustic.npy,
846_audio,846,D:\ieee-final-dep\datasets\raw\dvlog\846\846_acoustic.npy,
847_audio,847,D:\ieee-final-dep\datasets\raw\dvlog\847\847_acoustic.npy,
848_audio,848,D:\ieee-final-dep\datasets\raw\dvlog\848\848_acoustic.npy,
849_audio,849,D:\ieee-final-dep\datasets\raw\dvlog\849\849_acoustic.npy,
85_audio,85,D:\ieee-final-dep\datasets\raw\dvlog\85\85_acoustic.npy,
850_audio,850,D:\ieee-final-dep\datasets\raw\dvlog\850\850_acoustic.npy,
851_audio,851,D:\ieee-final-dep\datasets\raw\dvlog\851\851_acoustic.npy,
852_audio,852,D:\ieee-final-dep\datasets\raw\dvlog\852\852_acoustic.npy,
853_audio,853,D:\ieee-final-dep\datasets\raw\dvlog\853\853_acoustic.npy,
854_audio,854,D:\ieee-final-dep\datasets\raw\dvlog\854\854_acoustic.npy,
855_audio,855,D:\ieee-final-dep\datasets\raw\dvlog\855\855_acoustic.npy,
856_audio,856,D:\ieee-final-dep\datasets\raw\dvlog\856\856_acoustic.npy,
857_audio,857,D:\ieee-final-dep\datasets\raw\dvlog\857\857_acoustic.npy,
858_audio,858,D:\ieee-final-dep\datasets\raw\dvlog\858\858_acoustic.npy,
859_audio,859,D:\ieee-final-dep\datasets\raw\dvlog\859\859_acoustic.npy,
86_audio,86,D:\ieee-final-dep\datasets\raw\dvlog\86\86_acoustic.npy,
860_audio,860,D:\ieee-final-dep\datasets\raw\dvlog\860\860_acoustic.npy,
861_audio,861,D:\ieee-final-dep\datasets\raw\dvlog\861\861_acoustic.npy,
862_audio,862,D:\ieee-final-dep\datasets\raw\dvlog\862\862_acoustic.npy,
863_audio,863,D:\ieee-final-dep\datasets\raw\dvlog\863\863_acoustic.npy,
864_audio,864,D:\ieee-final-dep\datasets\raw\dvlog\864\864_acoustic.npy,
865_audio,865,D:\ieee-final-dep\datasets\raw\dvlog\865\865_acoustic.npy,
866_audio,866,D:\ieee-final-dep\datasets\raw\dvlog\866\866_acoustic.npy,
867_audio,867,D:\ieee-final-dep\datasets\raw\dvlog\867\867_acoustic.npy,
868_audio,868,D:\ieee-final-dep\datasets\raw\dvlog\868\868_acoustic.npy,
869_audio,869,D:\ieee-final-dep\datasets\raw\dvlog\869\869_acoustic.npy,
87_audio,87,D:\ieee-final-dep\datasets\raw\dvlog\87\87_acoustic.npy,
870_audio,870,D:\ieee-final-dep\datasets\raw\dvlog\870\870_acoustic.npy,
871_audio,871,D:\ieee-final-dep\datasets\raw\dvlog\871\871_acoustic.npy,
872_audio,872,D:\ieee-final-dep\datasets\raw\dvlog\872\872_acoustic.npy,
873_audio,873,D:\ieee-final-dep\datasets\raw\dvlog\873\873_acoustic.npy,
874_audio,874,D:\ieee-final-dep\datasets\raw\dvlog\874\874_acoustic.npy,
875_audio,875,D:\ieee-final-dep\datasets\raw\dvlog\875\875_acoustic.npy,
876_audio,876,D:\ieee-final-dep\datasets\raw\dvlog\876\876_acoustic.npy,
877_audio,877,D:\ieee-final-dep\datasets\raw\dvlog\877\877_acoustic.npy,
878_audio,878,D:\ieee-final-dep\datasets\raw\dvlog\878\878_acoustic.npy,
879_audio,879,D:\ieee-final-dep\datasets\raw\dvlog\879\879_acoustic.npy,
88_audio,88,D:\ieee-final-dep\datasets\raw\dvlog\88\88_acoustic.npy,
880_audio,880,D:\ieee-final-dep\datasets\raw\dvlog\880\880_acoustic.npy,
881_audio,881,D:\ieee-final-dep\datasets\raw\dvlog\881\881_acoustic.npy,
882_audio,882,D:\ieee-final-dep\datasets\raw\dvlog\882\882_acoustic.npy,
883_audio,883,D:\ieee-final-dep\datasets\raw\dvlog\883\883_acoustic.npy,
884_audio,884,D:\ieee-final-dep\datasets\raw\dvlog\884\884_acoustic.npy,
885_audio,885,D:\ieee-final-dep\datasets\raw\dvlog\885\885_acoustic.npy,
886_audio,886,D:\ieee-final-dep\datasets\raw\dvlog\886\886_acoustic.npy,
887_audio,887,D:\ieee-final-dep\datasets\raw\dvlog\887\887_acoustic.npy,
888_audio,888,D:\ieee-final-dep\datasets\raw\dvlog\888\888_acoustic.npy,
889_audio,889,D:\ieee-final-dep\datasets\raw\dvlog\889\889_acoustic.npy,
89_audio,89,D:\ieee-final-dep\datasets\raw\dvlog\89\89_acoustic.npy,
890_audio,890,D:\ieee-final-dep\datasets\raw\dvlog\890\890_acoustic.npy,
891_audio,891,D:\ieee-final-dep\datasets\raw\dvlog\891\891_acoustic.npy,
892_audio,892,D:\ieee-final-dep\datasets\raw\dvlog\892\892_acoustic.npy,
893_audio,893,D:\ieee-final-dep\datasets\raw\dvlog\893\893_acoustic.npy,
894_audio,894,D:\ieee-final-dep\datasets\raw\dvlog\894\894_acoustic.npy,
895_audio,895,D:\ieee-final-dep\datasets\raw\dvlog\895\895_acoustic.npy,
896_audio,896,D:\ieee-final-dep\datasets\raw\dvlog\896\896_acoustic.npy,
897_audio,897,D:\ieee-final-dep\datasets\raw\dvlog\897\897_acoustic.npy,
898_audio,898,D:\ieee-final-dep\datasets\raw\dvlog\898\898_acoustic.npy,
899_audio,899,D:\ieee-final-dep\datasets\raw\dvlog\899\899_acoustic.npy,
9_audio,9,D:\ieee-final-dep\datasets\raw\dvlog\9\9_acoustic.npy,
90_audio,90,D:\ieee-final-dep\datasets\raw\dvlog\90\90_acoustic.npy,
900_audio,900,D:\ieee-final-dep\datasets\raw\dvlog\900\900_acoustic.npy,
901_audio,901,D:\ieee-final-dep\datasets\raw\dvlog\901\901_acoustic.npy,
902_audio,902,D:\ieee-final-dep\datasets\raw\dvlog\902\902_acoustic.npy,
903_audio,903,D:\ieee-final-dep\datasets\raw\dvlog\903\903_acoustic.npy,
904_audio,904,D:\ieee-final-dep\datasets\raw\dvlog\904\904_acoustic.npy,
905_audio,905,D:\ieee-final-dep\datasets\raw\dvlog\905\905_acoustic.npy,
906_audio,906,D:\ieee-final-dep\datasets\raw\dvlog\906\906_acoustic.npy,
907_audio,907,D:\ieee-final-dep\datasets\raw\dvlog\907\907_acoustic.npy,
908_audio,908,D:\ieee-final-dep\datasets\raw\dvlog\908\908_acoustic.npy,
909_audio,909,D:\ieee-final-dep\datasets\raw\dvlog\909\909_acoustic.npy,
91_audio,91,D:\ieee-final-dep\datasets\raw\dvlog\91\91_acoustic.npy,
910_audio,910,D:\ieee-final-dep\datasets\raw\dvlog\910\910_acoustic.npy,
911_audio,911,D:\ieee-final-dep\datasets\raw\dvlog\911\911_acoustic.npy,
912_audio,912,D:\ieee-final-dep\datasets\raw\dvlog\912\912_acoustic.npy,
913_audio,913,D:\ieee-final-dep\datasets\raw\dvlog\913\913_acoustic.npy,
914_audio,914,D:\ieee-final-dep\datasets\raw\dvlog\914\914_acoustic.npy,
915_audio,915,D:\ieee-final-dep\datasets\raw\dvlog\915\915_acoustic.npy,
916_audio,916,D:\ieee-final-dep\datasets\raw\dvlog\916\916_acoustic.npy,
917_audio,917,D:\ieee-final-dep\datasets\raw\dvlog\917\917_acoustic.npy,
918_audio,918,D:\ieee-final-dep\datasets\raw\dvlog\918\918_acoustic.npy,
919_audio,919,D:\ieee-final-dep\datasets\raw\dvlog\919\919_acoustic.npy,
92_audio,92,D:\ieee-final-dep\datasets\raw\dvlog\92\92_acoustic.npy,
920_audio,920,D:\ieee-final-dep\datasets\raw\dvlog\920\920_acoustic.npy,
921_audio,921,D:\ieee-final-dep\datasets\raw\dvlog\921\921_acoustic.npy,
922_audio,922,D:\ieee-final-dep\datasets\raw\dvlog\922\922_acoustic.npy,
923_audio,923,D:\ieee-final-dep\datasets\raw\dvlog\923\923_acoustic.npy,
924_audio,924,D:\ieee-final-dep\datasets\raw\dvlog\924\924_acoustic.npy,
925_audio,925,D:\ieee-final-dep\datasets\raw\dvlog\925\925_acoustic.npy,
926_audio,926,D:\ieee-final-dep\datasets\raw\dvlog\926\926_acoustic.npy,
927_audio,927,D:\ieee-final-dep\datasets\raw\dvlog\927\927_acoustic.npy,
928_audio,928,D:\ieee-final-dep\datasets\raw\dvlog\928\928_acoustic.npy,
929_audio,929,D:\ieee-final-dep\datasets\raw\dvlog\929\929_acoustic.npy,
93_audio,93,D:\ieee-final-dep\datasets\raw\dvlog\93\93_acoustic.npy,
930_audio,930,D:\ieee-final-dep\datasets\raw\dvlog\930\930_acoustic.npy,
931_audio,931,D:\ieee-final-dep\datasets\raw\dvlog\931\931_acoustic.npy,
932_audio,932,D:\ieee-final-dep\datasets\raw\dvlog\932\932_acoustic.npy,
933_audio,933,D:\ieee-final-dep\datasets\raw\dvlog\933\933_acoustic.npy,
934_audio,934,D:\ieee-final-dep\datasets\raw\dvlog\934\934_acoustic.npy,
935_audio,935,D:\ieee-final-dep\datasets\raw\dvlog\935\935_acoustic.npy,
936_audio,936,D:\ieee-final-dep\datasets\raw\dvlog\936\936_acoustic.npy,
937_audio,937,D:\ieee-final-dep\datasets\raw\dvlog\937\937_acoustic.npy,
938_audio,938,D:\ieee-final-dep\datasets\raw\dvlog\938\938_acoustic.npy,
939_audio,939,D:\ieee-final-dep\datasets\raw\dvlog\939\939_acoustic.npy,
94_audio,94,D:\ieee-final-dep\datasets\raw\dvlog\94\94_acoustic.npy,
940_audio,940,D:\ieee-final-dep\datasets\raw\dvlog\940\940_acoustic.npy,
941_audio,941,D:\ieee-final-dep\datasets\raw\dvlog\941\941_acoustic.npy,
942_audio,942,D:\ieee-final-dep\datasets\raw\dvlog\942\942_acoustic.npy,
943_audio,943,D:\ieee-final-dep\datasets\raw\dvlog\943\943_acoustic.npy,
944_audio,944,D:\ieee-final-dep\datasets\raw\dvlog\944\944_acoustic.npy,
945_audio,945,D:\ieee-final-dep\datasets\raw\dvlog\945\945_acoustic.npy,
946_audio,946,D:\ieee-final-dep\datasets\raw\dvlog\946\946_acoustic.npy,
947_audio,947,D:\ieee-final-dep\datasets\raw\dvlog\947\947_acoustic.npy,
948_audio,948,D:\ieee-final-dep\datasets\raw\dvlog\948\948_acoustic.npy,
949_audio,949,D:\ieee-final-dep\datasets\raw\dvlog\949\949_acoustic.npy,
95_audio,95,D:\ieee-final-dep\datasets\raw\dvlog\95\95_acoustic.npy,
950_audio,950,D:\ieee-final-dep\datasets\raw\dvlog\950\950_acoustic.npy,
951_audio,951,D:\ieee-final-dep\datasets\raw\dvlog\951\951_acoustic.npy,
952_audio,952,D:\ieee-final-dep\datasets\raw\dvlog\952\952_acoustic.npy,
953_audio,953,D:\ieee-final-dep\datasets\raw\dvlog\953\953_acoustic.npy,
954_audio,954,D:\ieee-final-dep\datasets\raw\dvlog\954\954_acoustic.npy,
955_audio,955,D:\ieee-final-dep\datasets\raw\dvlog\955\955_acoustic.npy,
956_audio,956,D:\ieee-final-dep\datasets\raw\dvlog\956\956_acoustic.npy,
957_audio,957,D:\ieee-final-dep\datasets\raw\dvlog\957\957_acoustic.npy,
958_audio,958,D:\ieee-final-dep\datasets\raw\dvlog\958\958_acoustic.npy,
959_audio,959,D:\ieee-final-dep\datasets\raw\dvlog\959\959_acoustic.npy,
96_audio,96,D:\ieee-final-dep\datasets\raw\dvlog\96\96_acoustic.npy,
960_audio,960,D:\ieee-final-dep\datasets\raw\dvlog\960\960_acoustic.npy,
97_audio,97,D:\ieee-final-dep\datasets\raw\dvlog\97\97_acoustic.npy,
98_audio,98,D:\ieee-final-dep\datasets\raw\dvlog\98\98_acoustic.npy,
99_audio,99,D:\ieee-final-dep\datasets\raw\dvlog\99\99_acoustic.npy,
