participant_id,language
300,en
301,en
302,en
303,en
305,en
306,en
307,en
308,en
309,en
310,en
311,en
312,en
313,en
314,en
315,en
316,en
317,en
318,en
319,en
320,en
321,en
322,en
323,en
324,en
325,en
326,en
327,en
328,en
329,en
330,en
331,en
332,en
333,en
334,en
335,en
336,en
337,en
338,en
339,en
340,en
341,en
343,en
344,en
345,en
346,en
347,en
348,en
349,en
350,en
351,en
352,en
353,en
354,en
355,en
356,en
357,en
358,en
359,en
360,en
361,en
362,en
363,en
364,en
365,en
366,en
367,en
368,en
369,en
370,en
371,en
372,en
373,en
374,en
375,en
376,en
377,en
378,en
379,en
380,en
381,en
382,en
383,en
384,en
385,en
386,en
387,en
388,en
389,en
390,en
391,en
392,en
393,en
395,en
397,en
399,en
400,en
401,en
402,en
403,en
404,en
405,en
406,en
407,en
408,en
409,en
410,en
411,en
412,en
413,en
414,en
415,en
416,en
417,en
418,en
419,en
420,en
421,en
422,en
423,en
424,en
425,en
426,en
427,en
428,en
429,en
430,en
431,en
432,en
433,en
434,en
435,en
436,en
437,en
438,en
439,en
441,en
442,en
443,en
444,en
445,en
446,en
447,en
448,en
449,en
450,en
451,en
452,en
453,en
454,en
455,en
456,en
457,en
458,en
459,en
461,en
462,en
463,en
464,en
465,en
466,en
467,en
468,en
469,en
470,en
471,en
472,en
473,en
474,en
475,en
476,en
477,en
478,en
479,en
480,en
481,en
482,en
483,en
484,en
485,en
486,en
487,en
488,en
489,en
490,en
491,en
492,en
0,en
1,en
10,en
100,en
101,en
102,en
103,en
104,en
105,en
106,en
107,en
108,en
109,en
11,en
110,en
111,en
112,en
113,en
114,en
115,en
116,en
117,en
118,en
119,en
12,en
120,en
121,en
122,en
123,en
124,en
125,en
126,en
127,en
128,en
129,en
13,en
130,en
131,en
132,en
133,en
134,en
135,en
136,en
137,en
138,en
139,en
14,en
140,en
141,en
142,en
143,en
144,en
145,en
146,en
147,en
148,en
149,en
15,en
150,en
151,en
152,en
153,en
154,en
155,en
156,en
157,en
158,en
159,en
16,en
160,en
161,en
162,en
163,en
164,en
165,en
166,en
167,en
168,en
169,en
17,en
170,en
171,en
172,en
173,en
174,en
175,en
176,en
177,en
178,en
179,en
18,en
180,en
181,en
182,en
183,en
184,en
185,en
186,en
187,en
188,en
189,en
19,en
190,en
191,en
192,en
193,en
194,en
195,en
196,en
197,en
198,en
199,en
2,en
20,en
200,en
201,en
202,en
203,en
204,en
205,en
206,en
207,en
208,en
209,en
21,en
210,en
211,en
212,en
213,en
214,en
215,en
216,en
217,en
218,en
219,en
22,en
220,en
221,en
222,en
223,en
224,en
225,en
226,en
227,en
228,en
229,en
23,en
230,en
231,en
232,en
233,en
234,en
235,en
236,en
237,en
238,en
239,en
24,en
240,en
241,en
242,en
243,en
244,en
245,en
246,en
247,en
248,en
249,en
25,en
250,en
251,en
252,en
253,en
254,en
255,en
256,en
257,en
258,en
259,en
26,en
260,en
261,en
262,en
263,en
264,en
265,en
266,en
267,en
268,en
269,en
27,en
270,en
271,en
272,en
273,en
274,en
275,en
276,en
277,en
278,en
279,en
28,en
280,en
281,en
282,en
283,en
284,en
285,en
286,en
287,en
288,en
289,en
29,en
290,en
291,en
292,en
293,en
294,en
295,en
296,en
297,en
298,en
299,en
3,en
30,en
304,en
31,en
32,en
33,en
34,en
342,en
35,en
36,en
37,en
38,en
39,en
394,en
396,en
398,en
4,en
40,en
41,en
42,en
43,en
44,en
440,en
45,en
46,en
460,en
47,en
48,en
49,en
493,en
494,en
495,en
496,en
497,en
498,en
499,en
5,en
50,en
500,en
501,en
502,en
503,en
504,en
505,en
506,en
507,en
508,en
509,en
51,en
510,en
511,en
512,en
513,en
514,en
515,en
516,en
517,en
518,en
519,en
52,en
520,en
521,en
522,en
523,en
524,en
525,en
526,en
527,en
528,en
529,en
53,en
530,en
531,en
532,en
533,en
534,en
535,en
536,en
537,en
538,en
539,en
54,en
540,en
541,en
542,en
543,en
544,en
545,en
546,en
547,en
548,en
549,en
55,en
550,en
551,en
552,en
553,en
554,en
555,en
556,en
557,en
558,en
559,en
56,en
560,en
561,en
562,en
563,en
564,en
565,en
566,en
567,en
568,en
569,en
57,en
570,en
571,en
572,en
573,en
574,en
575,en
576,en
577,en
578,en
579,en
58,en
580,en
581,en
582,en
583,en
584,en
585,en
586,en
587,en
588,en
589,en
59,en
590,en
591,en
592,en
593,en
594,en
595,en
596,en
597,en
598,en
599,en
6,en
60,en
600,en
601,en
602,en
603,en
604,en
605,en
606,en
607,en
608,en
609,en
61,en
610,en
611,en
612,en
613,en
614,en
615,en
616,en
617,en
618,en
619,en
62,en
620,en
621,en
622,en
623,en
624,en
625,en
626,en
627,en
628,en
629,en
63,en
630,en
631,en
632,en
633,en
634,en
635,en
636,en
637,en
638,en
639,en
64,en
640,en
641,en
642,en
643,en
644,en
645,en
646,en
647,en
648,en
649,en
65,en
650,en
651,en
652,en
653,en
654,en
655,en
656,en
657,en
658,en
659,en
66,en
660,en
661,en
662,en
663,en
664,en
665,en
666,en
667,en
668,en
669,en
67,en
670,en
671,en
672,en
673,en
674,en
675,en
676,en
677,en
678,en
679,en
68,en
680,en
681,en
682,en
683,en
684,en
685,en
686,en
687,en
688,en
689,en
69,en
690,en
691,en
692,en
693,en
694,en
695,en
696,en
697,en
698,en
699,en
7,en
70,en
700,en
701,en
702,en
703,en
704,en
705,en
706,en
707,en
708,en
709,en
71,en
710,en
711,en
712,en
713,en
714,en
715,en
716,en
717,en
718,en
719,en
72,en
720,en
721,en
722,en
723,en
724,en
725,en
726,en
727,en
728,en
729,en
73,en
730,en
731,en
732,en
733,en
734,en
735,en
736,en
737,en
738,en
739,en
74,en
740,en
741,en
742,en
743,en
744,en
745,en
746,en
747,en
748,en
749,en
75,en
750,en
751,en
752,en
753,en
754,en
755,en
756,en
757,en
758,en
759,en
76,en
760,en
761,en
762,en
763,en
764,en
765,en
766,en
767,en
768,en
769,en
77,en
770,en
771,en
772,en
773,en
774,en
775,en
776,en
777,en
778,en
779,en
78,en
780,en
781,en
782,en
783,en
784,en
785,en
786,en
787,en
788,en
789,en
79,en
790,en
791,en
792,en
793,en
794,en
795,en
796,en
797,en
798,en
799,en
8,en
80,en
800,en
801,en
802,en
803,en
804,en
805,en
806,en
807,en
808,en
809,en
81,en
810,en
811,en
812,en
813,en
814,en
815,en
816,en
817,en
818,en
819,en
82,en
820,en
821,en
822,en
823,en
824,en
825,en
826,en
827,en
828,en
829,en
83,en
830,en
831,en
832,en
833,en
834,en
835,en
836,en
837,en
838,en
839,en
84,en
840,en
841,en
842,en
843,en
844,en
845,en
846,en
847,en
848,en
849,en
85,en
850,en
851,en
852,en
853,en
854,en
855,en
856,en
857,en
858,en
859,en
86,en
860,en
861,en
862,en
863,en
864,en
865,en
866,en
867,en
868,en
869,en
87,en
870,en
871,en
872,en
873,en
874,en
875,en
876,en
877,en
878,en
879,en
88,en
880,en
881,en
882,en
883,en
884,en
885,en
886,en
887,en
888,en
889,en
89,en
890,en
891,en
892,en
893,en
894,en
895,en
896,en
897,en
898,en
899,en
9,en
90,en
900,en
901,en
902,en
903,en
904,en
905,en
906,en
907,en
908,en
909,en
91,en
910,en
911,en
912,en
913,en
914,en
915,en
916,en
917,en
918,en
919,en
92,en
920,en
921,en
922,en
923,en
924,en
925,en
926,en
927,en
928,en
929,en
93,en
930,en
931,en
932,en
933,en
934,en
935,en
936,en
937,en
938,en
939,en
94,en
940,en
941,en
942,en
943,en
944,en
945,en
946,en
947,en
948,en
949,en
95,en
950,en
951,en
952,en
953,en
954,en
955,en
956,en
957,en
958,en
959,en
96,en
960,en
97,en
98,en
99,en
