sample_id,overall,audio,video,transcript,synchronization,missing_value,corruption,confidence
300_audio_300_AUDIO,0.825,1.0,,,1.0,1.0,1.0,0.3
300_text_300_TRANSCRIPT,0.825,,,1.0,1.0,1.0,1.0,0.3
301_audio_301_AUDIO,0.825,1.0,,,1.0,1.0,1.0,0.3
301_text_301_TRANSCRIPT,0.825,,,1.0,1.0,1.0,1.0,0.3
302_audio_302_AUDIO,1.0,1.0,,,1.0,1.0,1.0,1.0
302_text_302_TRANSCRIPT,1.0,,,1.0,1.0,1.0,1.0,1.0
303_audio_303_AUDIO,1.0,1.0,,,1.0,1.0,1.0,1.0
303_text_303_TRANSCRIPT,1.0,,,1.0,1.0,1.0,1.0,1.0
305_audio_305_AUDIO,1.0,1.0,,,1.0,1.0,1.0,1.0
305_text_305_TRANSCRIPT,1.0,,,1.0,1.0,1.0,1.0,1.0
306_audio_306_AUDIO,0.825,1.0,,,1.0,1.0,1.0,0.3
306_text_306_TRANSCRIPT,0.825,,,1.0,1.0,1.0,1.0,0.3
307_audio_307_AUDIO,1.0,1.0,,,1.0,1.0,1.0,1.0
307_text_307_TRANSCRIPT,1.0,,,1.0,1.0,1.0,1.0,1.0
308_audio_308_AUDIO,0.825,1.0,,,1.0,1.0,1.0,0.3
308_text_308_TRANSCRIPT,0.825,,,1.0,1.0,1.0,1.0,0.3
309_audio_309_AUDIO,0.825,1.0,,,1.0,1.0,1.0,0.3
309_text_309_TRANSCRIPT,0.825,,,1.0,1.0,1.0,1.0,0.3
310_audio_310_AUDIO,1.0,1.0,,,1.0,1.0,1.0,1.0
310_text_310_TRANSCRIPT,1.0,,,1.0,1.0,1.0,1.0,1.0
311_audio_311_AUDIO,0.825,1.0,,,1.0,1.0,1.0,0.3
311_text_311_TRANSCRIPT,0.825,,,1.0,1.0,1.0,1.0,0.3
312_audio_312_AUDIO,1.0,1.0,,,1.0,1.0,1.0,1.0
312_text_312_TRANSCRIPT,1.0,,,1.0,1.0,1.0,1.0,1.0
313_audio_313_AUDIO,1.0,1.0,,,1.0,1.0,1.0,1.0
313_text_313_TRANSCRIPT,1.0,,,1.0,1.0,1.0,1.0,1.0
314_audio_314_AUDIO,0.825,1.0,,,1.0,1.0,1.0,0.3
314_text_314_TRANSCRIPT,0.825,,,1.0,1.0,1.0,1.0,0.3
315_audio_315_AUDIO,1.0,1.0,,,1.0,1.0,1.0,1.0
315_text_315_TRANSCRIPT,1.0,,,1.0,1.0,1.0,1.0,1.0
316_audio_316_AUDIO,1.0,1.0,,,1.0,1.0,1.0,1.0
316_text_316_TRANSCRIPT,1.0,,,1.0,1.0,1.0,1.0,1.0
317_audio_317_AUDIO,1.0,1.0,,,1.0,1.0,1.0,1.0
317_text_317_TRANSCRIPT,1.0,,,1.0,1.0,1.0,1.0,1.0
318_audio_318_AUDIO,1.0,1.0,,,1.0,1.0,1.0,1.0
318_text_318_TRANSCRIPT,1.0,,,1.0,1.0,1.0,1.0,1.0
319_audio_319_AUDIO,1.0,1.0,,,1.0,1.0,1.0,1.0
319_text_319_TRANSCRIPT,1.0,,,1.0,1.0,1.0,1.0,1.0
320_audio_320_AUDIO,1.0,1.0,,,1.0,1.0,1.0,1.0
320_text_320_TRANSCRIPT,1.0,,,1.0,1.0,1.0,1.0,1.0
321_audio_321_AUDIO,1.0,1.0,,,1.0,1.0,1.0,1.0
321_text_321_TRANSCRIPT,1.0,,,1.0,1.0,1.0,1.0,1.0
322_audio_322_AUDIO,1.0,1.0,,,1.0,1.0,1.0,1.0
322_text_322_TRANSCRIPT,1.0,,,1.0,1.0,1.0,1.0,1.0
323_audio_323_AUDIO,0.825,1.0,,,1.0,1.0,1.0,0.3
323_text_323_TRANSCRIPT,0.825,,,1.0,1.0,1.0,1.0,0.3
324_audio_324_AUDIO,1.0,1.0,,,1.0,1.0,1.0,1.0
324_text_324_TRANSCRIPT,1.0,,,1.0,1.0,1.0,1.0,1.0
325_audio_325_AUDIO,1.0,1.0,,,1.0,1.0,1.0,1.0
325_text_325_TRANSCRIPT,1.0,,,1.0,1.0,1.0,1.0,1.0
326_audio_326_AUDIO,1.0,1.0,,,1.0,1.0,1.0,1.0
326_text_326_TRANSCRIPT,1.0,,,1.0,1.0,1.0,1.0,1.0
327_audio_327_AUDIO,1.0,1.0,,,1.0,1.0,1.0,1.0
327_text_327_TRANSCRIPT,1.0,,,1.0,1.0,1.0,1.0,1.0
328_audio_328_AUDIO,1.0,1.0,,,1.0,1.0,1.0,1.0
328_text_328_TRANSCRIPT,1.0,,,1.0,1.0,1.0,1.0,1.0
329_audio_329_AUDIO,0.825,1.0,,,1.0,1.0,1.0,0.3
329_text_329_TRANSCRIPT,0.825,,,1.0,1.0,1.0,1.0,0.3
330_audio_330_AUDIO,1.0,1.0,,,1.0,1.0,1.0,1.0
330_text_330_TRANSCRIPT,1.0,,,1.0,1.0,1.0,1.0,1.0
331_audio_331_AUDIO,1.0,1.0,,,1.0,1.0,1.0,1.0
331_text_331_TRANSCRIPT,1.0,,,1.0,1.0,1.0,1.0,1.0
332_audio_332_AUDIO,0.825,1.0,,,1.0,1.0,1.0,0.3
332_text_332_TRANSCRIPT,0.825,,,1.0,1.0,1.0,1.0,0.3
333_audio_333_AUDIO,1.0,1.0,,,1.0,1.0,1.0,1.0
333_text_333_TRANSCRIPT,1.0,,,1.0,1.0,1.0,1.0,1.0
334_audio_334_AUDIO,0.825,1.0,,,1.0,1.0,1.0,0.3
334_text_334_TRANSCRIPT,0.825,,,1.0,1.0,1.0,1.0,0.3
335_audio_335_AUDIO,1.0,1.0,,,1.0,1.0,1.0,1.0
335_text_335_TRANSCRIPT,1.0,,,1.0,1.0,1.0,1.0,1.0
336_audio_336_AUDIO,1.0,1.0,,,1.0,1.0,1.0,1.0
336_text_336_TRANSCRIPT,1.0,,,1.0,1.0,1.0,1.0,1.0
337_audio_337_AUDIO,0.825,1.0,,,1.0,1.0,1.0,0.3
337_text_337_TRANSCRIPT,0.825,,,1.0,1.0,1.0,1.0,0.3
338_audio_338_AUDIO,1.0,1.0,,,1.0,1.0,1.0,1.0
338_text_338_TRANSCRIPT,1.0,,,1.0,1.0,1.0,1.0,1.0
339_audio_339_AUDIO,1.0,1.0,,,1.0,1.0,1.0,1.0
339_text_339_TRANSCRIPT,1.0,,,1.0,1.0,1.0,1.0,1.0
340_audio_340_AUDIO,1.0,1.0,,,1.0,1.0,1.0,1.0
340_text_340_TRANSCRIPT,1.0,,,1.0,1.0,1.0,1.0,1.0
341_audio_341_AUDIO,1.0,1.0,,,1.0,1.0,1.0,1.0
341_text_341_TRANSCRIPT,1.0,,,1.0,1.0,1.0,1.0,1.0
343_audio_343_AUDIO,1.0,1.0,,,1.0,1.0,1.0,1.0
343_text_343_TRANSCRIPT,1.0,,,1.0,1.0,1.0,1.0,1.0
344_audio_344_AUDIO,1.0,1.0,,,1.0,1.0,1.0,1.0
344_text_344_TRANSCRIPT,1.0,,,1.0,1.0,1.0,1.0,1.0
345_audio_345_AUDIO,1.0,1.0,,,1.0,1.0,1.0,1.0
345_text_345_TRANSCRIPT,1.0,,,1.0,1.0,1.0,1.0,1.0
346_audio_346_AUDIO,1.0,1.0,,,1.0,1.0,1.0,1.0
346_text_346_TRANSCRIPT,1.0,,,1.0,1.0,1.0,1.0,1.0
347_audio_347_AUDIO,1.0,1.0,,,1.0,1.0,1.0,1.0
347_text_347_TRANSCRIPT,1.0,,,1.0,1.0,1.0,1.0,1.0
348_audio_348_AUDIO,1.0,1.0,,,1.0,1.0,1.0,1.0
348_text_348_TRANSCRIPT,1.0,,,1.0,1.0,1.0,1.0,1.0
349_audio_349_AUDIO,0.825,1.0,,,1.0,1.0,1.0,0.3
349_text_349_TRANSCRIPT,0.825,,,1.0,1.0,1.0,1.0,0.3
350_audio_350_AUDIO,1.0,1.0,,,1.0,1.0,1.0,1.0
350_text_350_TRANSCRIPT,1.0,,,1.0,1.0,1.0,1.0,1.0
351_audio_351_AUDIO,1.0,1.0,,,1.0,1.0,1.0,1.0
351_text_351_TRANSCRIPT,1.0,,,1.0,1.0,1.0,1.0,1.0
352_audio_352_AUDIO,1.0,1.0,,,1.0,1.0,1.0,1.0
352_text_352_TRANSCRIPT,1.0,,,1.0,1.0,1.0,1.0,1.0
353_audio_353_AUDIO,1.0,1.0,,,1.0,1.0,1.0,1.0
353_text_353_TRANSCRIPT,1.0,,,1.0,1.0,1.0,1.0,1.0
354_audio_354_AUDIO,0.825,1.0,,,1.0,1.0,1.0,0.3
354_text_354_TRANSCRIPT,0.825,,,1.0,1.0,1.0,1.0,0.3
355_audio_355_AUDIO,1.0,1.0,,,1.0,1.0,1.0,1.0
355_text_355_TRANSCRIPT,1.0,,,1.0,1.0,1.0,1.0,1.0
356_audio_356_AUDIO,1.0,1.0,,,1.0,1.0,1.0,1.0
356_text_356_TRANSCRIPT,1.0,,,1.0,1.0,1.0,1.0,1.0
357_audio_357_AUDIO,1.0,1.0,,,1.0,1.0,1.0,1.0
357_text_357_TRANSCRIPT,1.0,,,1.0,1.0,1.0,1.0,1.0
358_audio_358_AUDIO,1.0,1.0,,,1.0,1.0,1.0,1.0
358_text_358_TRANSCRIPT,1.0,,,1.0,1.0,1.0,1.0,1.0
359_audio_359_AUDIO,0.825,1.0,,,1.0,1.0,1.0,0.3
359_text_359_TRANSCRIPT,0.825,,,1.0,1.0,1.0,1.0,0.3
360_audio_360_AUDIO,1.0,1.0,,,1.0,1.0,1.0,1.0
360_text_360_TRANSCRIPT,1.0,,,1.0,1.0,1.0,1.0,1.0
361_audio_361_AUDIO,0.825,1.0,,,1.0,1.0,1.0,0.3
361_text_361_TRANSCRIPT,0.825,,,1.0,1.0,1.0,1.0,0.3
362_audio_362_AUDIO,1.0,1.0,,,1.0,1.0,1.0,1.0
362_text_362_TRANSCRIPT,1.0,,,1.0,1.0,1.0,1.0,1.0
363_audio_363_AUDIO,1.0,1.0,,,1.0,1.0,1.0,1.0
363_text_363_TRANSCRIPT,1.0,,,1.0,1.0,1.0,1.0,1.0
364_audio_364_AUDIO,1.0,1.0,,,1.0,1.0,1.0,1.0
364_text_364_TRANSCRIPT,1.0,,,1.0,1.0,1.0,1.0,1.0
365_audio_365_AUDIO,0.825,1.0,,,1.0,1.0,1.0,0.3
365_text_365_TRANSCRIPT,0.825,,,1.0,1.0,1.0,1.0,0.3
366_audio_366_AUDIO,1.0,1.0,,,1.0,1.0,1.0,1.0
366_text_366_TRANSCRIPT,1.0,,,1.0,1.0,1.0,1.0,1.0
367_audio_367_AUDIO,1.0,1.0,,,1.0,1.0,1.0,1.0
367_text_367_TRANSCRIPT,1.0,,,1.0,1.0,1.0,1.0,1.0
368_audio_368_AUDIO,1.0,1.0,,,1.0,1.0,1.0,1.0
368_text_368_TRANSCRIPT,1.0,,,1.0,1.0,1.0,1.0,1.0
369_audio_369_AUDIO,1.0,1.0,,,1.0,1.0,1.0,1.0
369_text_369_TRANSCRIPT,1.0,,,1.0,1.0,1.0,1.0,1.0
370_audio_370_AUDIO,1.0,1.0,,,1.0,1.0,1.0,1.0
370_text_370_TRANSCRIPT,1.0,,,1.0,1.0,1.0,1.0,1.0
371_audio_371_AUDIO,1.0,1.0,,,1.0,1.0,1.0,1.0
371_text_371_TRANSCRIPT,1.0,,,1.0,1.0,1.0,1.0,1.0
372_audio_372_AUDIO,1.0,1.0,,,1.0,1.0,1.0,1.0
372_text_372_TRANSCRIPT,1.0,,,1.0,1.0,1.0,1.0,1.0
373_audio_373_AUDIO,0.825,1.0,,,1.0,1.0,1.0,0.3
373_text_373_TRANSCRIPT,0.825,,,1.0,1.0,1.0,1.0,0.3
374_audio_374_AUDIO,1.0,1.0,,,1.0,1.0,1.0,1.0
374_text_374_TRANSCRIPT,1.0,,,1.0,1.0,1.0,1.0,1.0
375_audio_375_AUDIO,1.0,1.0,,,1.0,1.0,1.0,1.0
375_text_375_TRANSCRIPT,1.0,,,1.0,1.0,1.0,1.0,1.0
376_audio_376_AUDIO,1.0,1.0,,,1.0,1.0,1.0,1.0
376_text_376_TRANSCRIPT,1.0,,,1.0,1.0,1.0,1.0,1.0
377_audio_377_AUDIO,1.0,1.0,,,1.0,1.0,1.0,1.0
377_text_377_TRANSCRIPT,1.0,,,1.0,1.0,1.0,1.0,1.0
378_audio_378_AUDIO,0.825,1.0,,,1.0,1.0,1.0,0.3
378_text_378_TRANSCRIPT,0.825,,,1.0,1.0,1.0,1.0,0.3
379_audio_379_AUDIO,1.0,1.0,,,1.0,1.0,1.0,1.0
379_text_379_TRANSCRIPT,1.0,,,1.0,1.0,1.0,1.0,1.0
380_audio_380_AUDIO,1.0,1.0,,,1.0,1.0,1.0,1.0
380_text_380_TRANSCRIPT,1.0,,,1.0,1.0,1.0,1.0,1.0
381_audio_381_AUDIO,1.0,1.0,,,1.0,1.0,1.0,1.0
381_text_381_TRANSCRIPT,1.0,,,1.0,1.0,1.0,1.0,1.0
382_audio_382_AUDIO,1.0,1.0,,,1.0,1.0,1.0,1.0
382_text_382_TRANSCRIPT,1.0,,,1.0,1.0,1.0,1.0,1.0
383_audio_383_AUDIO,1.0,1.0,,,1.0,1.0,1.0,1.0
383_text_383_TRANSCRIPT,1.0,,,1.0,1.0,1.0,1.0,1.0
384_audio_384_AUDIO,0.825,1.0,,,1.0,1.0,1.0,0.3
384_text_384_TRANSCRIPT,0.825,,,1.0,1.0,1.0,1.0,0.3
385_audio_385_AUDIO,1.0,1.0,,,1.0,1.0,1.0,1.0
385_text_385_TRANSCRIPT,1.0,,,1.0,1.0,1.0,1.0,1.0
386_audio_386_AUDIO,1.0,1.0,,,1.0,1.0,1.0,1.0
386_text_386_TRANSCRIPT,1.0,,,1.0,1.0,1.0,1.0,1.0
387_audio_387_AUDIO,0.825,1.0,,,1.0,1.0,1.0,0.3
387_text_387_TRANSCRIPT,0.825,,,1.0,1.0,1.0,1.0,0.3
388_audio_388_AUDIO,1.0,1.0,,,1.0,1.0,1.0,1.0
388_text_388_TRANSCRIPT,1.0,,,1.0,1.0,1.0,1.0,1.0
389_audio_389_AUDIO,1.0,1.0,,,1.0,1.0,1.0,1.0
389_text_389_TRANSCRIPT,1.0,,,1.0,1.0,1.0,1.0,1.0
390_audio_390_AUDIO,1.0,1.0,,,1.0,1.0,1.0,1.0
390_text_390_TRANSCRIPT,1.0,,,1.0,1.0,1.0,1.0,1.0
391_audio_391_AUDIO,1.0,1.0,,,1.0,1.0,1.0,1.0
391_text_391_TRANSCRIPT,1.0,,,1.0,1.0,1.0,1.0,1.0
392_audio_392_AUDIO,1.0,1.0,,,1.0,1.0,1.0,1.0
392_text_392_TRANSCRIPT,1.0,,,1.0,1.0,1.0,1.0,1.0
393_audio_393_AUDIO,1.0,1.0,,,1.0,1.0,1.0,1.0
393_text_393_TRANSCRIPT,1.0,,,1.0,1.0,1.0,1.0,1.0
395_audio_395_AUDIO,1.0,1.0,,,1.0,1.0,1.0,1.0
395_text_395_TRANSCRIPT,1.0,,,1.0,1.0,1.0,1.0,1.0
397_audio_397_AUDIO,1.0,1.0,,,1.0,1.0,1.0,1.0
397_text_397_TRANSCRIPT,1.0,,,1.0,1.0,1.0,1.0,1.0
399_audio_399_AUDIO,0.825,1.0,,,1.0,1.0,1.0,0.3
399_text_399_TRANSCRIPT,0.825,,,1.0,1.0,1.0,1.0,0.3
400_audio_400_AUDIO,1.0,1.0,,,1.0,1.0,1.0,1.0
400_text_400_TRANSCRIPT,1.0,,,1.0,1.0,1.0,1.0,1.0
401_audio_401_AUDIO,1.0,1.0,,,1.0,1.0,1.0,1.0
401_text_401_TRANSCRIPT,1.0,,,1.0,1.0,1.0,1.0,1.0
402_audio_402_AUDIO,1.0,1.0,,,1.0,1.0,1.0,1.0
402_text_402_TRANSCRIPT,1.0,,,1.0,1.0,1.0,1.0,1.0
403_audio_403_AUDIO,1.0,1.0,,,1.0,1.0,1.0,1.0
403_text_403_TRANSCRIPT,1.0,,,1.0,1.0,1.0,1.0,1.0
404_audio_404_AUDIO,1.0,1.0,,,1.0,1.0,1.0,1.0
404_text_404_TRANSCRIPT,1.0,,,1.0,1.0,1.0,1.0,1.0
405_audio_405_AUDIO,0.825,1.0,,,1.0,1.0,1.0,0.3
405_text_405_TRANSCRIPT,0.825,,,1.0,1.0,1.0,1.0,0.3
406_audio_406_AUDIO,1.0,1.0,,,1.0,1.0,1.0,1.0
406_text_406_TRANSCRIPT,1.0,,,1.0,1.0,1.0,1.0,1.0
407_audio_407_AUDIO,0.825,1.0,,,1.0,1.0,1.0,0.3
407_text_407_TRANSCRIPT,0.825,,,1.0,1.0,1.0,1.0,0.3
408_audio_408_AUDIO,0.825,1.0,,,1.0,1.0,1.0,0.3
408_text_408_TRANSCRIPT,0.825,,,1.0,1.0,1.0,1.0,0.3
409_audio_409_AUDIO,1.0,1.0,,,1.0,1.0,1.0,1.0
409_text_409_TRANSCRIPT,1.0,,,1.0,1.0,1.0,1.0,1.0
410_audio_410_AUDIO,0.825,1.0,,,1.0,1.0,1.0,0.3
410_text_410_TRANSCRIPT,0.825,,,1.0,1.0,1.0,1.0,0.3
411_audio_411_AUDIO,0.825,1.0,,,1.0,1.0,1.0,0.3
411_text_411_TRANSCRIPT,0.825,,,1.0,1.0,1.0,1.0,0.3
412_audio_412_AUDIO,1.0,1.0,,,1.0,1.0,1.0,1.0
412_text_412_TRANSCRIPT,1.0,,,1.0,1.0,1.0,1.0,1.0
413_audio_413_AUDIO,1.0,1.0,,,1.0,1.0,1.0,1.0
413_text_413_TRANSCRIPT,1.0,,,1.0,1.0,1.0,1.0,1.0
414_audio_414_AUDIO,1.0,1.0,,,1.0,1.0,1.0,1.0
414_text_414_TRANSCRIPT,1.0,,,1.0,1.0,1.0,1.0,1.0
415_audio_415_AUDIO,1.0,1.0,,,1.0,1.0,1.0,1.0
415_text_415_TRANSCRIPT,1.0,,,1.0,1.0,1.0,1.0,1.0
416_audio_416_AUDIO,1.0,1.0,,,1.0,1.0,1.0,1.0
416_text_416_TRANSCRIPT,1.0,,,1.0,1.0,1.0,1.0,1.0
417_audio_417_AUDIO,1.0,1.0,,,1.0,1.0,1.0,1.0
417_text_417_TRANSCRIPT,1.0,,,1.0,1.0,1.0,1.0,1.0
418_audio_418_AUDIO,1.0,1.0,,,1.0,1.0,1.0,1.0
418_text_418_TRANSCRIPT,1.0,,,1.0,1.0,1.0,1.0,1.0
419_audio_419_AUDIO,1.0,1.0,,,1.0,1.0,1.0,1.0
419_text_419_TRANSCRIPT,1.0,,,1.0,1.0,1.0,1.0,1.0
420_audio_420_AUDIO,1.0,1.0,,,1.0,1.0,1.0,1.0
420_text_420_TRANSCRIPT,1.0,,,1.0,1.0,1.0,1.0,1.0
421_audio_421_AUDIO,0.825,1.0,,,1.0,1.0,1.0,0.3
421_text_421_TRANSCRIPT,0.825,,,1.0,1.0,1.0,1.0,0.3
422_audio_422_AUDIO,1.0,1.0,,,1.0,1.0,1.0,1.0
422_text_422_TRANSCRIPT,1.0,,,1.0,1.0,1.0,1.0,1.0
423_audio_423_AUDIO,1.0,1.0,,,1.0,1.0,1.0,1.0
423_text_423_TRANSCRIPT,1.0,,,1.0,1.0,1.0,1.0,1.0
424_audio_424_AUDIO,0.825,1.0,,,1.0,1.0,1.0,0.3
424_text_424_TRANSCRIPT,0.825,,,1.0,1.0,1.0,1.0,0.3
425_audio_425_AUDIO,1.0,1.0,,,1.0,1.0,1.0,1.0
425_text_425_TRANSCRIPT,1.0,,,1.0,1.0,1.0,1.0,1.0
426_audio_426_AUDIO,1.0,1.0,,,1.0,1.0,1.0,1.0
426_text_426_TRANSCRIPT,1.0,,,1.0,1.0,1.0,1.0,1.0
427_audio_427_AUDIO,1.0,1.0,,,1.0,1.0,1.0,1.0
427_text_427_TRANSCRIPT,1.0,,,1.0,1.0,1.0,1.0,1.0
428_audio_428_AUDIO,1.0,1.0,,,1.0,1.0,1.0,1.0
428_text_428_TRANSCRIPT,1.0,,,1.0,1.0,1.0,1.0,1.0
429_audio_429_AUDIO,1.0,1.0,,,1.0,1.0,1.0,1.0
429_text_429_TRANSCRIPT,1.0,,,1.0,1.0,1.0,1.0,1.0
430_audio_430_AUDIO,1.0,1.0,,,1.0,1.0,1.0,1.0
430_text_430_TRANSCRIPT,1.0,,,1.0,1.0,1.0,1.0,1.0
431_audio_431_AUDIO,0.825,1.0,,,1.0,1.0,1.0,0.3
431_text_431_TRANSCRIPT,0.825,,,1.0,1.0,1.0,1.0,0.3
432_audio_432_AUDIO,0.825,1.0,,,1.0,1.0,1.0,0.3
432_text_432_TRANSCRIPT,0.825,,,1.0,1.0,1.0,1.0,0.3
433_audio_433_AUDIO,1.0,1.0,,,1.0,1.0,1.0,1.0
433_text_433_TRANSCRIPT,1.0,,,1.0,1.0,1.0,1.0,1.0
434_audio_434_AUDIO,1.0,1.0,,,1.0,1.0,1.0,1.0
434_text_434_TRANSCRIPT,1.0,,,1.0,1.0,1.0,1.0,1.0
435_audio_435_AUDIO,0.825,1.0,,,1.0,1.0,1.0,0.3
435_text_435_TRANSCRIPT,0.825,,,1.0,1.0,1.0,1.0,0.3
436_audio_436_AUDIO,1.0,1.0,,,1.0,1.0,1.0,1.0
436_text_436_TRANSCRIPT,1.0,,,1.0,1.0,1.0,1.0,1.0
437_audio_437_AUDIO,1.0,1.0,,,1.0,1.0,1.0,1.0
437_text_437_TRANSCRIPT,1.0,,,1.0,1.0,1.0,1.0,1.0
438_audio_438_AUDIO,0.825,1.0,,,1.0,1.0,1.0,0.3
438_text_438_TRANSCRIPT,0.825,,,1.0,1.0,1.0,1.0,0.3
439_audio_439_AUDIO,1.0,1.0,,,1.0,1.0,1.0,1.0
439_text_439_TRANSCRIPT,1.0,,,1.0,1.0,1.0,1.0,1.0
441_audio_441_AUDIO,1.0,1.0,,,1.0,1.0,1.0,1.0
441_text_441_TRANSCRIPT,1.0,,,1.0,1.0,1.0,1.0,1.0
442_audio_442_AUDIO,0.825,1.0,,,1.0,1.0,1.0,0.3
442_text_442_TRANSCRIPT,0.825,,,1.0,1.0,1.0,1.0,0.3
443_audio_443_AUDIO,1.0,1.0,,,1.0,1.0,1.0,1.0
443_text_443_TRANSCRIPT,1.0,,,1.0,1.0,1.0,1.0,1.0
444_audio_444_AUDIO,1.0,1.0,,,1.0,1.0,1.0,1.0
444_text_444_TRANSCRIPT,1.0,,,1.0,1.0,1.0,1.0,1.0
445_audio_445_AUDIO,1.0,1.0,,,1.0,1.0,1.0,1.0
445_text_445_TRANSCRIPT,1.0,,,1.0,1.0,1.0,1.0,1.0
446_audio_446_AUDIO,1.0,1.0,,,1.0,1.0,1.0,1.0
446_text_446_TRANSCRIPT,1.0,,,1.0,1.0,1.0,1.0,1.0
447_audio_447_AUDIO,1.0,1.0,,,1.0,1.0,1.0,1.0
447_text_447_TRANSCRIPT,1.0,,,1.0,1.0,1.0,1.0,1.0
448_audio_448_AUDIO,1.0,1.0,,,1.0,1.0,1.0,1.0
448_text_448_TRANSCRIPT,1.0,,,1.0,1.0,1.0,1.0,1.0
449_audio_449_AUDIO,1.0,1.0,,,1.0,1.0,1.0,1.0
449_text_449_TRANSCRIPT,1.0,,,1.0,1.0,1.0,1.0,1.0
450_audio_450_AUDIO,0.825,1.0,,,1.0,1.0,1.0,0.3
450_text_450_TRANSCRIPT,0.825,,,1.0,1.0,1.0,1.0,0.3
451_audio_451_AUDIO,1.0,1.0,,,1.0,1.0,1.0,1.0
451_text_451_TRANSCRIPT,1.0,,,1.0,1.0,1.0,1.0,1.0
452_audio_452_AUDIO,0.825,1.0,,,1.0,1.0,1.0,0.3
452_text_452_TRANSCRIPT,0.825,,,1.0,1.0,1.0,1.0,0.3
453_audio_453_AUDIO,0.825,1.0,,,1.0,1.0,1.0,0.3
453_text_453_TRANSCRIPT,0.825,,,1.0,1.0,1.0,1.0,0.3
454_audio_454_AUDIO,1.0,1.0,,,1.0,1.0,1.0,1.0
454_text_454_TRANSCRIPT,1.0,,,1.0,1.0,1.0,1.0,1.0
455_audio_455_AUDIO,1.0,1.0,,,1.0,1.0,1.0,1.0
455_text_455_TRANSCRIPT,1.0,,,1.0,1.0,1.0,1.0,1.0
456_audio_456_AUDIO,1.0,1.0,,,1.0,1.0,1.0,1.0
456_text_456_TRANSCRIPT,1.0,,,1.0,1.0,1.0,1.0,1.0
457_audio_457_AUDIO,1.0,1.0,,,1.0,1.0,1.0,1.0
457_text_457_TRANSCRIPT,1.0,,,1.0,1.0,1.0,1.0,1.0
458_audio_458_AUDIO,1.0,1.0,,,1.0,1.0,1.0,1.0
458_text_458_TRANSCRIPT,1.0,,,1.0,1.0,1.0,1.0,1.0
459_audio_459_AUDIO,1.0,1.0,,,1.0,1.0,1.0,1.0
459_text_459_TRANSCRIPT,1.0,,,1.0,1.0,1.0,1.0,1.0
461_audio_461_AUDIO,0.825,1.0,,,1.0,1.0,1.0,0.3
461_text_461_TRANSCRIPT,0.825,,,1.0,1.0,1.0,1.0,0.3
462_audio_462_AUDIO,0.825,1.0,,,1.0,1.0,1.0,0.3
462_text_462_TRANSCRIPT,0.825,,,1.0,1.0,1.0,1.0,0.3
463_audio_463_AUDIO,1.0,1.0,,,1.0,1.0,1.0,1.0
463_text_463_TRANSCRIPT,1.0,,,1.0,1.0,1.0,1.0,1.0
464_audio_464_AUDIO,1.0,1.0,,,1.0,1.0,1.0,1.0
464_text_464_TRANSCRIPT,1.0,,,1.0,1.0,1.0,1.0,1.0
465_audio_465_AUDIO,0.825,1.0,,,1.0,1.0,1.0,0.3
465_text_465_TRANSCRIPT,0.825,,,1.0,1.0,1.0,1.0,0.3
466_audio_466_AUDIO,0.825,1.0,,,1.0,1.0,1.0,0.3
466_text_466_TRANSCRIPT,0.825,,,1.0,1.0,1.0,1.0,0.3
467_audio_467_AUDIO,0.825,1.0,,,1.0,1.0,1.0,0.3
467_text_467_TRANSCRIPT,0.825,,,1.0,1.0,1.0,1.0,0.3
468_audio_468_AUDIO,1.0,1.0,,,1.0,1.0,1.0,1.0
468_text_468_TRANSCRIPT,1.0,,,1.0,1.0,1.0,1.0,1.0
469_audio_469_AUDIO,0.825,1.0,,,1.0,1.0,1.0,0.3
469_text_469_TRANSCRIPT,0.825,,,1.0,1.0,1.0,1.0,0.3
470_audio_470_AUDIO,0.825,1.0,,,1.0,1.0,1.0,0.3
470_text_470_TRANSCRIPT,0.825,,,1.0,1.0,1.0,1.0,0.3
471_audio_471_AUDIO,1.0,1.0,,,1.0,1.0,1.0,1.0
471_text_471_TRANSCRIPT,1.0,,,1.0,1.0,1.0,1.0,1.0
472_audio_472_AUDIO,1.0,1.0,,,1.0,1.0,1.0,1.0
472_text_472_TRANSCRIPT,1.0,,,1.0,1.0,1.0,1.0,1.0
473_audio_473_AUDIO,1.0,1.0,,,1.0,1.0,1.0,1.0
473_text_473_TRANSCRIPT,1.0,,,1.0,1.0,1.0,1.0,1.0
474_audio_474_AUDIO,1.0,1.0,,,1.0,1.0,1.0,1.0
474_text_474_TRANSCRIPT,1.0,,,1.0,1.0,1.0,1.0,1.0
475_audio_475_AUDIO,1.0,1.0,,,1.0,1.0,1.0,1.0
475_text_475_TRANSCRIPT,1.0,,,1.0,1.0,1.0,1.0,1.0
476_audio_476_AUDIO,1.0,1.0,,,1.0,1.0,1.0,1.0
476_text_476_TRANSCRIPT,1.0,,,1.0,1.0,1.0,1.0,1.0
477_audio_477_AUDIO,1.0,1.0,,,1.0,1.0,1.0,1.0
477_text_477_TRANSCRIPT,1.0,,,1.0,1.0,1.0,1.0,1.0
478_audio_478_AUDIO,1.0,1.0,,,1.0,1.0,1.0,1.0
478_text_478_TRANSCRIPT,1.0,,,1.0,1.0,1.0,1.0,1.0
479_audio_479_AUDIO,1.0,1.0,,,1.0,1.0,1.0,1.0
479_text_479_TRANSCRIPT,1.0,,,1.0,1.0,1.0,1.0,1.0
480_audio_480_AUDIO,0.825,1.0,,,1.0,1.0,1.0,0.3
480_text_480_TRANSCRIPT,0.825,,,1.0,1.0,1.0,1.0,0.3
481_audio_481_AUDIO,0.825,1.0,,,1.0,1.0,1.0,0.3
481_text_481_TRANSCRIPT,0.825,,,1.0,1.0,1.0,1.0,0.3
482_audio_482_AUDIO,1.0,1.0,,,1.0,1.0,1.0,1.0
482_text_482_TRANSCRIPT,1.0,,,1.0,1.0,1.0,1.0,1.0
483_audio_483_AUDIO,1.0,1.0,,,1.0,1.0,1.0,1.0
483_text_483_TRANSCRIPT,1.0,,,1.0,1.0,1.0,1.0,1.0
484_audio_484_AUDIO,1.0,1.0,,,1.0,1.0,1.0,1.0
484_text_484_TRANSCRIPT,1.0,,,1.0,1.0,1.0,1.0,1.0
485_audio_485_AUDIO,1.0,1.0,,,1.0,1.0,1.0,1.0
485_text_485_TRANSCRIPT,1.0,,,1.0,1.0,1.0,1.0,1.0
486_audio_486_AUDIO,1.0,1.0,,,1.0,1.0,1.0,1.0
486_text_486_TRANSCRIPT,1.0,,,1.0,1.0,1.0,1.0,1.0
487_audio_487_AUDIO,1.0,1.0,,,1.0,1.0,1.0,1.0
487_text_487_TRANSCRIPT,1.0,,,1.0,1.0,1.0,1.0,1.0
488_audio_488_AUDIO,1.0,1.0,,,1.0,1.0,1.0,1.0
488_text_488_TRANSCRIPT,1.0,,,1.0,1.0,1.0,1.0,1.0
489_audio_489_AUDIO,1.0,1.0,,,1.0,1.0,1.0,1.0
489_text_489_TRANSCRIPT,1.0,,,1.0,1.0,1.0,1.0,1.0
490_audio_490_AUDIO,1.0,1.0,,,1.0,1.0,1.0,1.0
490_text_490_TRANSCRIPT,1.0,,,1.0,1.0,1.0,1.0,1.0
491_audio_491_AUDIO,1.0,1.0,,,1.0,1.0,1.0,1.0
491_text_491_TRANSCRIPT,1.0,,,1.0,1.0,1.0,1.0,1.0
492_audio_492_AUDIO,1.0,1.0,,,1.0,1.0,1.0,1.0
492_text_492_TRANSCRIPT,1.0,,,1.0,1.0,1.0,1.0,1.0
0_audio,1.0,1.0,,,1.0,1.0,1.0,1.0
0_visual,1.0,,,,1.0,1.0,1.0,1.0
1_audio,1.0,1.0,,,1.0,1.0,1.0,1.0
1_visual,1.0,,,,1.0,1.0,1.0,1.0
10_audio,1.0,1.0,,,1.0,1.0,1.0,1.0
10_visual,1.0,,,,1.0,1.0,1.0,1.0
100_audio,1.0,1.0,,,1.0,1.0,1.0,1.0
100_visual,1.0,,,,1.0,1.0,1.0,1.0
101_audio,1.0,1.0,,,1.0,1.0,1.0,1.0
101_visual,1.0,,,,1.0,1.0,1.0,1.0
102_audio,1.0,1.0,,,1.0,1.0,1.0,1.0
102_visual,1.0,,,,1.0,1.0,1.0,1.0
103_audio,1.0,1.0,,,1.0,1.0,1.0,1.0
103_visual,1.0,,,,1.0,1.0,1.0,1.0
104_audio,1.0,1.0,,,1.0,1.0,1.0,1.0
104_visual,1.0,,,,1.0,1.0,1.0,1.0
105_audio,1.0,1.0,,,1.0,1.0,1.0,1.0
105_visual,1.0,,,,1.0,1.0,1.0,1.0
106_audio,1.0,1.0,,,1.0,1.0,1.0,1.0
106_visual,1.0,,,,1.0,1.0,1.0,1.0
107_audio,1.0,1.0,,,1.0,1.0,1.0,1.0
107_visual,1.0,,,,1.0,1.0,1.0,1.0
108_audio,1.0,1.0,,,1.0,1.0,1.0,1.0
108_visual,1.0,,,,1.0,1.0,1.0,1.0
109_audio,1.0,1.0,,,1.0,1.0,1.0,1.0
109_visual,1.0,,,,1.0,1.0,1.0,1.0
11_audio,1.0,1.0,,,1.0,1.0,1.0,1.0
11_visual,1.0,,,,1.0,1.0,1.0,1.0
110_audio,1.0,1.0,,,1.0,1.0,1.0,1.0
110_visual,1.0,,,,1.0,1.0,1.0,1.0
111_audio,1.0,1.0,,,1.0,1.0,1.0,1.0
111_visual,1.0,,,,1.0,1.0,1.0,1.0
112_audio,1.0,1.0,,,1.0,1.0,1.0,1.0
112_visual,1.0,,,,1.0,1.0,1.0,1.0
113_audio,1.0,1.0,,,1.0,1.0,1.0,1.0
113_visual,1.0,,,,1.0,1.0,1.0,1.0
114_audio,1.0,1.0,,,1.0,1.0,1.0,1.0
114_visual,1.0,,,,1.0,1.0,1.0,1.0
115_audio,1.0,1.0,,,1.0,1.0,1.0,1.0
115_visual,1.0,,,,1.0,1.0,1.0,1.0
116_audio,1.0,1.0,,,1.0,1.0,1.0,1.0
116_visual,1.0,,,,1.0,1.0,1.0,1.0
117_audio,1.0,1.0,,,1.0,1.0,1.0,1.0
117_visual,1.0,,,,1.0,1.0,1.0,1.0
118_audio,1.0,1.0,,,1.0,1.0,1.0,1.0
118_visual,1.0,,,,1.0,1.0,1.0,1.0
119_audio,1.0,1.0,,,1.0,1.0,1.0,1.0
119_visual,1.0,,,,1.0,1.0,1.0,1.0
12_audio,1.0,1.0,,,1.0,1.0,1.0,1.0
12_visual,1.0,,,,1.0,1.0,1.0,1.0
120_audio,1.0,1.0,,,1.0,1.0,1.0,1.0
120_visual,1.0,,,,1.0,1.0,1.0,1.0
121_audio,1.0,1.0,,,1.0,1.0,1.0,1.0
121_visual,1.0,,,,1.0,1.0,1.0,1.0
122_audio,1.0,1.0,,,1.0,1.0,1.0,1.0
122_visual,1.0,,,,1.0,1.0,1.0,1.0
123_audio,1.0,1.0,,,1.0,1.0,1.0,1.0
123_visual,1.0,,,,1.0,1.0,1.0,1.0
124_audio,1.0,1.0,,,1.0,1.0,1.0,1.0
124_visual,1.0,,,,1.0,1.0,1.0,1.0
125_audio,1.0,1.0,,,1.0,1.0,1.0,1.0
125_visual,1.0,,,,1.0,1.0,1.0,1.0
126_audio,1.0,1.0,,,1.0,1.0,1.0,1.0
126_visual,1.0,,,,1.0,1.0,1.0,1.0
127_audio,1.0,1.0,,,1.0,1.0,1.0,1.0
127_visual,1.0,,,,1.0,1.0,1.0,1.0
128_audio,1.0,1.0,,,1.0,1.0,1.0,1.0
128_visual,1.0,,,,1.0,1.0,1.0,1.0
129_audio,1.0,1.0,,,1.0,1.0,1.0,1.0
129_visual,1.0,,,,1.0,1.0,1.0,1.0
13_audio,1.0,1.0,,,1.0,1.0,1.0,1.0
13_visual,1.0,,,,1.0,1.0,1.0,1.0
130_audio,1.0,1.0,,,1.0,1.0,1.0,1.0
130_visual,1.0,,,,1.0,1.0,1.0,1.0
131_audio,1.0,1.0,,,1.0,1.0,1.0,1.0
131_visual,1.0,,,,1.0,1.0,1.0,1.0
132_audio,1.0,1.0,,,1.0,1.0,1.0,1.0
132_visual,1.0,,,,1.0,1.0,1.0,1.0
133_audio,1.0,1.0,,,1.0,1.0,1.0,1.0
133_visual,1.0,,,,1.0,1.0,1.0,1.0
134_audio,1.0,1.0,,,1.0,1.0,1.0,1.0
134_visual,1.0,,,,1.0,1.0,1.0,1.0
135_audio,1.0,1.0,,,1.0,1.0,1.0,1.0
135_visual,1.0,,,,1.0,1.0,1.0,1.0
136_audio,1.0,1.0,,,1.0,1.0,1.0,1.0
136_visual,1.0,,,,1.0,1.0,1.0,1.0
137_audio,1.0,1.0,,,1.0,1.0,1.0,1.0
137_visual,1.0,,,,1.0,1.0,1.0,1.0
138_audio,1.0,1.0,,,1.0,1.0,1.0,1.0
138_visual,1.0,,,,1.0,1.0,1.0,1.0
139_audio,1.0,1.0,,,1.0,1.0,1.0,1.0
139_visual,1.0,,,,1.0,1.0,1.0,1.0
14_audio,1.0,1.0,,,1.0,1.0,1.0,1.0
14_visual,1.0,,,,1.0,1.0,1.0,1.0
140_audio,1.0,1.0,,,1.0,1.0,1.0,1.0
140_visual,1.0,,,,1.0,1.0,1.0,1.0
141_audio,1.0,1.0,,,1.0,1.0,1.0,1.0
141_visual,1.0,,,,1.0,1.0,1.0,1.0
142_audio,1.0,1.0,,,1.0,1.0,1.0,1.0
142_visual,1.0,,,,1.0,1.0,1.0,1.0
143_audio,1.0,1.0,,,1.0,1.0,1.0,1.0
143_visual,1.0,,,,1.0,1.0,1.0,1.0
144_audio,1.0,1.0,,,1.0,1.0,1.0,1.0
144_visual,1.0,,,,1.0,1.0,1.0,1.0
145_audio,1.0,1.0,,,1.0,1.0,1.0,1.0
145_visual,1.0,,,,1.0,1.0,1.0,1.0
146_audio,1.0,1.0,,,1.0,1.0,1.0,1.0
146_visual,1.0,,,,1.0,1.0,1.0,1.0
147_audio,1.0,1.0,,,1.0,1.0,1.0,1.0
147_visual,1.0,,,,1.0,1.0,1.0,1.0
148_audio,1.0,1.0,,,1.0,1.0,1.0,1.0
148_visual,1.0,,,,1.0,1.0,1.0,1.0
149_audio,1.0,1.0,,,1.0,1.0,1.0,1.0
149_visual,1.0,,,,1.0,1.0,1.0,1.0
15_audio,1.0,1.0,,,1.0,1.0,1.0,1.0
15_visual,1.0,,,,1.0,1.0,1.0,1.0
150_audio,1.0,1.0,,,1.0,1.0,1.0,1.0
150_visual,1.0,,,,1.0,1.0,1.0,1.0
151_audio,1.0,1.0,,,1.0,1.0,1.0,1.0
151_visual,1.0,,,,1.0,1.0,1.0,1.0
152_audio,1.0,1.0,,,1.0,1.0,1.0,1.0
152_visual,1.0,,,,1.0,1.0,1.0,1.0
153_audio,1.0,1.0,,,1.0,1.0,1.0,1.0
153_visual,1.0,,,,1.0,1.0,1.0,1.0
154_audio,1.0,1.0,,,1.0,1.0,1.0,1.0
154_visual,1.0,,,,1.0,1.0,1.0,1.0
155_audio,1.0,1.0,,,1.0,1.0,1.0,1.0
155_visual,1.0,,,,1.0,1.0,1.0,1.0
156_audio,1.0,1.0,,,1.0,1.0,1.0,1.0
156_visual,1.0,,,,1.0,1.0,1.0,1.0
157_audio,1.0,1.0,,,1.0,1.0,1.0,1.0
157_visual,1.0,,,,1.0,1.0,1.0,1.0
158_audio,1.0,1.0,,,1.0,1.0,1.0,1.0
158_visual,1.0,,,,1.0,1.0,1.0,1.0
159_audio,1.0,1.0,,,1.0,1.0,1.0,1.0
159_visual,1.0,,,,1.0,1.0,1.0,1.0
16_audio,1.0,1.0,,,1.0,1.0,1.0,1.0
16_visual,1.0,,,,1.0,1.0,1.0,1.0
160_audio,1.0,1.0,,,1.0,1.0,1.0,1.0
160_visual,1.0,,,,1.0,1.0,1.0,1.0
161_audio,1.0,1.0,,,1.0,1.0,1.0,1.0
161_visual,1.0,,,,1.0,1.0,1.0,1.0
162_audio,1.0,1.0,,,1.0,1.0,1.0,1.0
162_visual,1.0,,,,1.0,1.0,1.0,1.0
163_audio,1.0,1.0,,,1.0,1.0,1.0,1.0
163_visual,1.0,,,,1.0,1.0,1.0,1.0
164_audio,1.0,1.0,,,1.0,1.0,1.0,1.0
164_visual,1.0,,,,1.0,1.0,1.0,1.0
165_audio,1.0,1.0,,,1.0,1.0,1.0,1.0
165_visual,1.0,,,,1.0,1.0,1.0,1.0
166_audio,1.0,1.0,,,1.0,1.0,1.0,1.0
166_visual,1.0,,,,1.0,1.0,1.0,1.0
167_audio,1.0,1.0,,,1.0,1.0,1.0,1.0
167_visual,1.0,,,,1.0,1.0,1.0,1.0
168_audio,1.0,1.0,,,1.0,1.0,1.0,1.0
168_visual,1.0,,,,1.0,1.0,1.0,1.0
169_audio,1.0,1.0,,,1.0,1.0,1.0,1.0
169_visual,1.0,,,,1.0,1.0,1.0,1.0
17_audio,1.0,1.0,,,1.0,1.0,1.0,1.0
17_visual,1.0,,,,1.0,1.0,1.0,1.0
170_audio,1.0,1.0,,,1.0,1.0,1.0,1.0
170_visual,1.0,,,,1.0,1.0,1.0,1.0
171_audio,1.0,1.0,,,1.0,1.0,1.0,1.0
171_visual,1.0,,,,1.0,1.0,1.0,1.0
172_audio,1.0,1.0,,,1.0,1.0,1.0,1.0
172_visual,1.0,,,,1.0,1.0,1.0,1.0
173_audio,1.0,1.0,,,1.0,1.0,1.0,1.0
173_visual,1.0,,,,1.0,1.0,1.0,1.0
174_audio,1.0,1.0,,,1.0,1.0,1.0,1.0
174_visual,1.0,,,,1.0,1.0,1.0,1.0
175_audio,1.0,1.0,,,1.0,1.0,1.0,1.0
175_visual,1.0,,,,1.0,1.0,1.0,1.0
176_audio,1.0,1.0,,,1.0,1.0,1.0,1.0
176_visual,1.0,,,,1.0,1.0,1.0,1.0
177_audio,1.0,1.0,,,1.0,1.0,1.0,1.0
177_visual,1.0,,,,1.0,1.0,1.0,1.0
178_audio,1.0,1.0,,,1.0,1.0,1.0,1.0
178_visual,1.0,,,,1.0,1.0,1.0,1.0
179_audio,1.0,1.0,,,1.0,1.0,1.0,1.0
179_visual,1.0,,,,1.0,1.0,1.0,1.0
18_audio,1.0,1.0,,,1.0,1.0,1.0,1.0
18_visual,1.0,,,,1.0,1.0,1.0,1.0
180_audio,1.0,1.0,,,1.0,1.0,1.0,1.0
180_visual,1.0,,,,1.0,1.0,1.0,1.0
181_audio,1.0,1.0,,,1.0,1.0,1.0,1.0
181_visual,1.0,,,,1.0,1.0,1.0,1.0
182_audio,1.0,1.0,,,1.0,1.0,1.0,1.0
182_visual,1.0,,,,1.0,1.0,1.0,1.0
183_audio,1.0,1.0,,,1.0,1.0,1.0,1.0
183_visual,1.0,,,,1.0,1.0,1.0,1.0
184_audio,1.0,1.0,,,1.0,1.0,1.0,1.0
184_visual,1.0,,,,1.0,1.0,1.0,1.0
185_audio,1.0,1.0,,,1.0,1.0,1.0,1.0
185_visual,1.0,,,,1.0,1.0,1.0,1.0
186_audio,1.0,1.0,,,1.0,1.0,1.0,1.0
186_visual,1.0,,,,1.0,1.0,1.0,1.0
187_audio,1.0,1.0,,,1.0,1.0,1.0,1.0
187_visual,1.0,,,,1.0,1.0,1.0,1.0
188_audio,1.0,1.0,,,1.0,1.0,1.0,1.0
188_visual,1.0,,,,1.0,1.0,1.0,1.0
189_audio,1.0,1.0,,,1.0,1.0,1.0,1.0
189_visual,1.0,,,,1.0,1.0,1.0,1.0
19_audio,1.0,1.0,,,1.0,1.0,1.0,1.0
19_visual,1.0,,,,1.0,1.0,1.0,1.0
190_audio,1.0,1.0,,,1.0,1.0,1.0,1.0
190_visual,1.0,,,,1.0,1.0,1.0,1.0
191_audio,1.0,1.0,,,1.0,1.0,1.0,1.0
191_visual,1.0,,,,1.0,1.0,1.0,1.0
192_audio,1.0,1.0,,,1.0,1.0,1.0,1.0
192_visual,1.0,,,,1.0,1.0,1.0,1.0
193_audio,1.0,1.0,,,1.0,1.0,1.0,1.0
193_visual,1.0,,,,1.0,1.0,1.0,1.0
194_audio,1.0,1.0,,,1.0,1.0,1.0,1.0
194_visual,1.0,,,,1.0,1.0,1.0,1.0
195_audio,1.0,1.0,,,1.0,1.0,1.0,1.0
195_visual,1.0,,,,1.0,1.0,1.0,1.0
196_audio,1.0,1.0,,,1.0,1.0,1.0,1.0
196_visual,1.0,,,,1.0,1.0,1.0,1.0
197_audio,1.0,1.0,,,1.0,1.0,1.0,1.0
197_visual,1.0,,,,1.0,1.0,1.0,1.0
198_audio,1.0,1.0,,,1.0,1.0,1.0,1.0
198_visual,1.0,,,,1.0,1.0,1.0,1.0
199_audio,1.0,1.0,,,1.0,1.0,1.0,1.0
199_visual,1.0,,,,1.0,1.0,1.0,1.0
2_audio,1.0,1.0,,,1.0,1.0,1.0,1.0
2_visual,1.0,,,,1.0,1.0,1.0,1.0
20_audio,1.0,1.0,,,1.0,1.0,1.0,1.0
20_visual,1.0,,,,1.0,1.0,1.0,1.0
200_audio,1.0,1.0,,,1.0,1.0,1.0,1.0
200_visual,1.0,,,,1.0,1.0,1.0,1.0
201_audio,1.0,1.0,,,1.0,1.0,1.0,1.0
201_visual,1.0,,,,1.0,1.0,1.0,1.0
202_audio,1.0,1.0,,,1.0,1.0,1.0,1.0
202_visual,1.0,,,,1.0,1.0,1.0,1.0
203_audio,1.0,1.0,,,1.0,1.0,1.0,1.0
203_visual,1.0,,,,1.0,1.0,1.0,1.0
204_audio,1.0,1.0,,,1.0,1.0,1.0,1.0
204_visual,1.0,,,,1.0,1.0,1.0,1.0
205_audio,1.0,1.0,,,1.0,1.0,1.0,1.0
205_visual,1.0,,,,1.0,1.0,1.0,1.0
206_audio,1.0,1.0,,,1.0,1.0,1.0,1.0
206_visual,1.0,,,,1.0,1.0,1.0,1.0
207_audio,1.0,1.0,,,1.0,1.0,1.0,1.0
207_visual,1.0,,,,1.0,1.0,1.0,1.0
208_audio,1.0,1.0,,,1.0,1.0,1.0,1.0
208_visual,1.0,,,,1.0,1.0,1.0,1.0
209_audio,1.0,1.0,,,1.0,1.0,1.0,1.0
209_visual,1.0,,,,1.0,1.0,1.0,1.0
21_audio,1.0,1.0,,,1.0,1.0,1.0,1.0
21_visual,1.0,,,,1.0,1.0,1.0,1.0
210_audio,1.0,1.0,,,1.0,1.0,1.0,1.0
210_visual,1.0,,,,1.0,1.0,1.0,1.0
211_audio,1.0,1.0,,,1.0,1.0,1.0,1.0
211_visual,1.0,,,,1.0,1.0,1.0,1.0
212_audio,1.0,1.0,,,1.0,1.0,1.0,1.0
212_visual,1.0,,,,1.0,1.0,1.0,1.0
213_audio,1.0,1.0,,,1.0,1.0,1.0,1.0
213_visual,1.0,,,,1.0,1.0,1.0,1.0
214_audio,1.0,1.0,,,1.0,1.0,1.0,1.0
214_visual,1.0,,,,1.0,1.0,1.0,1.0
215_audio,1.0,1.0,,,1.0,1.0,1.0,1.0
215_visual,1.0,,,,1.0,1.0,1.0,1.0
216_audio,1.0,1.0,,,1.0,1.0,1.0,1.0
216_visual,1.0,,,,1.0,1.0,1.0,1.0
217_audio,1.0,1.0,,,1.0,1.0,1.0,1.0
217_visual,1.0,,,,1.0,1.0,1.0,1.0
218_audio,1.0,1.0,,,1.0,1.0,1.0,1.0
218_visual,1.0,,,,1.0,1.0,1.0,1.0
219_audio,1.0,1.0,,,1.0,1.0,1.0,1.0
219_visual,1.0,,,,1.0,1.0,1.0,1.0
22_audio,1.0,1.0,,,1.0,1.0,1.0,1.0
22_visual,1.0,,,,1.0,1.0,1.0,1.0
220_audio,1.0,1.0,,,1.0,1.0,1.0,1.0
220_visual,1.0,,,,1.0,1.0,1.0,1.0
221_audio,1.0,1.0,,,1.0,1.0,1.0,1.0
221_visual,1.0,,,,1.0,1.0,1.0,1.0
222_audio,1.0,1.0,,,1.0,1.0,1.0,1.0
222_visual,1.0,,,,1.0,1.0,1.0,1.0
223_audio,1.0,1.0,,,1.0,1.0,1.0,1.0
223_visual,1.0,,,,1.0,1.0,1.0,1.0
224_audio,1.0,1.0,,,1.0,1.0,1.0,1.0
224_visual,1.0,,,,1.0,1.0,1.0,1.0
225_audio,1.0,1.0,,,1.0,1.0,1.0,1.0
225_visual,1.0,,,,1.0,1.0,1.0,1.0
226_audio,1.0,1.0,,,1.0,1.0,1.0,1.0
226_visual,1.0,,,,1.0,1.0,1.0,1.0
227_audio,1.0,1.0,,,1.0,1.0,1.0,1.0
227_visual,1.0,,,,1.0,1.0,1.0,1.0
228_audio,1.0,1.0,,,1.0,1.0,1.0,1.0
228_visual,1.0,,,,1.0,1.0,1.0,1.0
229_audio,1.0,1.0,,,1.0,1.0,1.0,1.0
229_visual,1.0,,,,1.0,1.0,1.0,1.0
23_audio,1.0,1.0,,,1.0,1.0,1.0,1.0
23_visual,1.0,,,,1.0,1.0,1.0,1.0
230_audio,1.0,1.0,,,1.0,1.0,1.0,1.0
230_visual,1.0,,,,1.0,1.0,1.0,1.0
231_audio,1.0,1.0,,,1.0,1.0,1.0,1.0
231_visual,1.0,,,,1.0,1.0,1.0,1.0
232_audio,1.0,1.0,,,1.0,1.0,1.0,1.0
232_visual,1.0,,,,1.0,1.0,1.0,1.0
233_audio,1.0,1.0,,,1.0,1.0,1.0,1.0
233_visual,1.0,,,,1.0,1.0,1.0,1.0
234_audio,1.0,1.0,,,1.0,1.0,1.0,1.0
234_visual,1.0,,,,1.0,1.0,1.0,1.0
235_audio,1.0,1.0,,,1.0,1.0,1.0,1.0
235_visual,1.0,,,,1.0,1.0,1.0,1.0
236_audio,1.0,1.0,,,1.0,1.0,1.0,1.0
236_visual,1.0,,,,1.0,1.0,1.0,1.0
237_audio,1.0,1.0,,,1.0,1.0,1.0,1.0
237_visual,1.0,,,,1.0,1.0,1.0,1.0
238_audio,1.0,1.0,,,1.0,1.0,1.0,1.0
238_visual,1.0,,,,1.0,1.0,1.0,1.0
239_audio,1.0,1.0,,,1.0,1.0,1.0,1.0
239_visual,1.0,,,,1.0,1.0,1.0,1.0
24_audio,1.0,1.0,,,1.0,1.0,1.0,1.0
24_visual,1.0,,,,1.0,1.0,1.0,1.0
240_audio,1.0,1.0,,,1.0,1.0,1.0,1.0
240_visual,1.0,,,,1.0,1.0,1.0,1.0
241_audio,1.0,1.0,,,1.0,1.0,1.0,1.0
241_visual,1.0,,,,1.0,1.0,1.0,1.0
242_audio,1.0,1.0,,,1.0,1.0,1.0,1.0
242_visual,1.0,,,,1.0,1.0,1.0,1.0
243_audio,1.0,1.0,,,1.0,1.0,1.0,1.0
243_visual,1.0,,,,1.0,1.0,1.0,1.0
244_audio,1.0,1.0,,,1.0,1.0,1.0,1.0
244_visual,1.0,,,,1.0,1.0,1.0,1.0
245_audio,1.0,1.0,,,1.0,1.0,1.0,1.0
245_visual,1.0,,,,1.0,1.0,1.0,1.0
246_audio,1.0,1.0,,,1.0,1.0,1.0,1.0
246_visual,1.0,,,,1.0,1.0,1.0,1.0
247_audio,1.0,1.0,,,1.0,1.0,1.0,1.0
247_visual,1.0,,,,1.0,1.0,1.0,1.0
248_audio,1.0,1.0,,,1.0,1.0,1.0,1.0
248_visual,1.0,,,,1.0,1.0,1.0,1.0
249_audio,1.0,1.0,,,1.0,1.0,1.0,1.0
249_visual,1.0,,,,1.0,1.0,1.0,1.0
25_audio,1.0,1.0,,,1.0,1.0,1.0,1.0
25_visual,1.0,,,,1.0,1.0,1.0,1.0
250_audio,1.0,1.0,,,1.0,1.0,1.0,1.0
250_visual,1.0,,,,1.0,1.0,1.0,1.0
251_audio,1.0,1.0,,,1.0,1.0,1.0,1.0
251_visual,1.0,,,,1.0,1.0,1.0,1.0
252_audio,1.0,1.0,,,1.0,1.0,1.0,1.0
252_visual,1.0,,,,1.0,1.0,1.0,1.0
253_audio,1.0,1.0,,,1.0,1.0,1.0,1.0
253_visual,1.0,,,,1.0,1.0,1.0,1.0
254_audio,1.0,1.0,,,1.0,1.0,1.0,1.0
254_visual,1.0,,,,1.0,1.0,1.0,1.0
255_audio,1.0,1.0,,,1.0,1.0,1.0,1.0
255_visual,1.0,,,,1.0,1.0,1.0,1.0
256_audio,1.0,1.0,,,1.0,1.0,1.0,1.0
256_visual,1.0,,,,1.0,1.0,1.0,1.0
257_audio,1.0,1.0,,,1.0,1.0,1.0,1.0
257_visual,1.0,,,,1.0,1.0,1.0,1.0
258_audio,1.0,1.0,,,1.0,1.0,1.0,1.0
258_visual,1.0,,,,1.0,1.0,1.0,1.0
259_audio,1.0,1.0,,,1.0,1.0,1.0,1.0
259_visual,1.0,,,,1.0,1.0,1.0,1.0
26_audio,1.0,1.0,,,1.0,1.0,1.0,1.0
26_visual,1.0,,,,1.0,1.0,1.0,1.0
260_audio,1.0,1.0,,,1.0,1.0,1.0,1.0
260_visual,1.0,,,,1.0,1.0,1.0,1.0
261_audio,1.0,1.0,,,1.0,1.0,1.0,1.0
261_visual,1.0,,,,1.0,1.0,1.0,1.0
262_audio,1.0,1.0,,,1.0,1.0,1.0,1.0
262_visual,1.0,,,,1.0,1.0,1.0,1.0
263_audio,1.0,1.0,,,1.0,1.0,1.0,1.0
263_visual,1.0,,,,1.0,1.0,1.0,1.0
264_audio,1.0,1.0,,,1.0,1.0,1.0,1.0
264_visual,1.0,,,,1.0,1.0,1.0,1.0
265_audio,1.0,1.0,,,1.0,1.0,1.0,1.0
265_visual,1.0,,,,1.0,1.0,1.0,1.0
266_audio,1.0,1.0,,,1.0,1.0,1.0,1.0
266_visual,1.0,,,,1.0,1.0,1.0,1.0
267_audio,1.0,1.0,,,1.0,1.0,1.0,1.0
267_visual,1.0,,,,1.0,1.0,1.0,1.0
268_audio,1.0,1.0,,,1.0,1.0,1.0,1.0
268_visual,1.0,,,,1.0,1.0,1.0,1.0
269_audio,1.0,1.0,,,1.0,1.0,1.0,1.0
269_visual,1.0,,,,1.0,1.0,1.0,1.0
27_audio,1.0,1.0,,,1.0,1.0,1.0,1.0
27_visual,1.0,,,,1.0,1.0,1.0,1.0
270_audio,1.0,1.0,,,1.0,1.0,1.0,1.0
270_visual,1.0,,,,1.0,1.0,1.0,1.0
271_audio,1.0,1.0,,,1.0,1.0,1.0,1.0
271_visual,1.0,,,,1.0,1.0,1.0,1.0
272_audio,1.0,1.0,,,1.0,1.0,1.0,1.0
272_visual,1.0,,,,1.0,1.0,1.0,1.0
273_audio,1.0,1.0,,,1.0,1.0,1.0,1.0
273_visual,1.0,,,,1.0,1.0,1.0,1.0
274_audio,1.0,1.0,,,1.0,1.0,1.0,1.0
274_visual,1.0,,,,1.0,1.0,1.0,1.0
275_audio,1.0,1.0,,,1.0,1.0,1.0,1.0
275_visual,1.0,,,,1.0,1.0,1.0,1.0
276_audio,1.0,1.0,,,1.0,1.0,1.0,1.0
276_visual,1.0,,,,1.0,1.0,1.0,1.0
277_audio,1.0,1.0,,,1.0,1.0,1.0,1.0
277_visual,1.0,,,,1.0,1.0,1.0,1.0
278_audio,1.0,1.0,,,1.0,1.0,1.0,1.0
278_visual,1.0,,,,1.0,1.0,1.0,1.0
279_audio,1.0,1.0,,,1.0,1.0,1.0,1.0
279_visual,1.0,,,,1.0,1.0,1.0,1.0
28_audio,1.0,1.0,,,1.0,1.0,1.0,1.0
28_visual,1.0,,,,1.0,1.0,1.0,1.0
280_audio,1.0,1.0,,,1.0,1.0,1.0,1.0
280_visual,1.0,,,,1.0,1.0,1.0,1.0
281_audio,1.0,1.0,,,1.0,1.0,1.0,1.0
281_visual,1.0,,,,1.0,1.0,1.0,1.0
282_audio,1.0,1.0,,,1.0,1.0,1.0,1.0
282_visual,1.0,,,,1.0,1.0,1.0,1.0
283_audio,1.0,1.0,,,1.0,1.0,1.0,1.0
283_visual,1.0,,,,1.0,1.0,1.0,1.0
284_audio,1.0,1.0,,,1.0,1.0,1.0,1.0
284_visual,1.0,,,,1.0,1.0,1.0,1.0
285_audio,1.0,1.0,,,1.0,1.0,1.0,1.0
285_visual,1.0,,,,1.0,1.0,1.0,1.0
286_audio,1.0,1.0,,,1.0,1.0,1.0,1.0
286_visual,1.0,,,,1.0,1.0,1.0,1.0
287_audio,1.0,1.0,,,1.0,1.0,1.0,1.0
287_visual,1.0,,,,1.0,1.0,1.0,1.0
288_audio,1.0,1.0,,,1.0,1.0,1.0,1.0
288_visual,1.0,,,,1.0,1.0,1.0,1.0
289_audio,1.0,1.0,,,1.0,1.0,1.0,1.0
289_visual,1.0,,,,1.0,1.0,1.0,1.0
29_audio,1.0,1.0,,,1.0,1.0,1.0,1.0
29_visual,1.0,,,,1.0,1.0,1.0,1.0
290_audio,1.0,1.0,,,1.0,1.0,1.0,1.0
290_visual,1.0,,,,1.0,1.0,1.0,1.0
291_audio,1.0,1.0,,,1.0,1.0,1.0,1.0
291_visual,1.0,,,,1.0,1.0,1.0,1.0
292_audio,1.0,1.0,,,1.0,1.0,1.0,1.0
292_visual,1.0,,,,1.0,1.0,1.0,1.0
293_audio,1.0,1.0,,,1.0,1.0,1.0,1.0
293_visual,1.0,,,,1.0,1.0,1.0,1.0
294_audio,1.0,1.0,,,1.0,1.0,1.0,1.0
294_visual,1.0,,,,1.0,1.0,1.0,1.0
295_audio,1.0,1.0,,,1.0,1.0,1.0,1.0
295_visual,1.0,,,,1.0,1.0,1.0,1.0
296_audio,1.0,1.0,,,1.0,1.0,1.0,1.0
296_visual,1.0,,,,1.0,1.0,1.0,1.0
297_audio,1.0,1.0,,,1.0,1.0,1.0,1.0
297_visual,1.0,,,,1.0,1.0,1.0,1.0
298_audio,1.0,1.0,,,1.0,1.0,1.0,1.0
298_visual,1.0,,,,1.0,1.0,1.0,1.0
299_audio,1.0,1.0,,,1.0,1.0,1.0,1.0
299_visual,1.0,,,,1.0,1.0,1.0,1.0
3_audio,1.0,1.0,,,1.0,1.0,1.0,1.0
3_visual,1.0,,,,1.0,1.0,1.0,1.0
30_audio,1.0,1.0,,,1.0,1.0,1.0,1.0
30_visual,1.0,,,,1.0,1.0,1.0,1.0
300_audio,1.0,1.0,,,1.0,1.0,1.0,1.0
300_visual,1.0,,,,1.0,1.0,1.0,1.0
301_audio,1.0,1.0,,,1.0,1.0,1.0,1.0
301_visual,1.0,,,,1.0,1.0,1.0,1.0
302_audio,1.0,1.0,,,1.0,1.0,1.0,1.0
302_visual,1.0,,,,1.0,1.0,1.0,1.0
303_audio,1.0,1.0,,,1.0,1.0,1.0,1.0
303_visual,1.0,,,,1.0,1.0,1.0,1.0
304_audio,1.0,1.0,,,1.0,1.0,1.0,1.0
304_visual,1.0,,,,1.0,1.0,1.0,1.0
305_audio,1.0,1.0,,,1.0,1.0,1.0,1.0
305_visual,1.0,,,,1.0,1.0,1.0,1.0
306_audio,1.0,1.0,,,1.0,1.0,1.0,1.0
306_visual,1.0,,,,1.0,1.0,1.0,1.0
307_audio,1.0,1.0,,,1.0,1.0,1.0,1.0
307_visual,1.0,,,,1.0,1.0,1.0,1.0
308_audio,1.0,1.0,,,1.0,1.0,1.0,1.0
308_visual,1.0,,,,1.0,1.0,1.0,1.0
309_audio,1.0,1.0,,,1.0,1.0,1.0,1.0
309_visual,1.0,,,,1.0,1.0,1.0,1.0
31_audio,1.0,1.0,,,1.0,1.0,1.0,1.0
31_visual,1.0,,,,1.0,1.0,1.0,1.0
310_audio,1.0,1.0,,,1.0,1.0,1.0,1.0
310_visual,1.0,,,,1.0,1.0,1.0,1.0
311_audio,1.0,1.0,,,1.0,1.0,1.0,1.0
311_visual,1.0,,,,1.0,1.0,1.0,1.0
312_audio,1.0,1.0,,,1.0,1.0,1.0,1.0
312_visual,1.0,,,,1.0,1.0,1.0,1.0
313_audio,1.0,1.0,,,1.0,1.0,1.0,1.0
313_visual,1.0,,,,1.0,1.0,1.0,1.0
314_audio,1.0,1.0,,,1.0,1.0,1.0,1.0
314_visual,1.0,,,,1.0,1.0,1.0,1.0
315_audio,1.0,1.0,,,1.0,1.0,1.0,1.0
315_visual,1.0,,,,1.0,1.0,1.0,1.0
316_audio,1.0,1.0,,,1.0,1.0,1.0,1.0
316_visual,1.0,,,,1.0,1.0,1.0,1.0
317_audio,1.0,1.0,,,1.0,1.0,1.0,1.0
317_visual,1.0,,,,1.0,1.0,1.0,1.0
318_audio,1.0,1.0,,,1.0,1.0,1.0,1.0
318_visual,1.0,,,,1.0,1.0,1.0,1.0
319_audio,1.0,1.0,,,1.0,1.0,1.0,1.0
319_visual,1.0,,,,1.0,1.0,1.0,1.0
32_audio,1.0,1.0,,,1.0,1.0,1.0,1.0
32_visual,1.0,,,,1.0,1.0,1.0,1.0
320_audio,1.0,1.0,,,1.0,1.0,1.0,1.0
320_visual,1.0,,,,1.0,1.0,1.0,1.0
321_audio,1.0,1.0,,,1.0,1.0,1.0,1.0
321_visual,1.0,,,,1.0,1.0,1.0,1.0
322_audio,1.0,1.0,,,1.0,1.0,1.0,1.0
322_visual,1.0,,,,1.0,1.0,1.0,1.0
323_audio,1.0,1.0,,,1.0,1.0,1.0,1.0
323_visual,1.0,,,,1.0,1.0,1.0,1.0
324_audio,1.0,1.0,,,1.0,1.0,1.0,1.0
324_visual,1.0,,,,1.0,1.0,1.0,1.0
325_audio,1.0,1.0,,,1.0,1.0,1.0,1.0
325_visual,1.0,,,,1.0,1.0,1.0,1.0
326_audio,1.0,1.0,,,1.0,1.0,1.0,1.0
326_visual,1.0,,,,1.0,1.0,1.0,1.0
327_audio,1.0,1.0,,,1.0,1.0,1.0,1.0
327_visual,1.0,,,,1.0,1.0,1.0,1.0
328_audio,1.0,1.0,,,1.0,1.0,1.0,1.0
328_visual,1.0,,,,1.0,1.0,1.0,1.0
329_audio,1.0,1.0,,,1.0,1.0,1.0,1.0
329_visual,1.0,,,,1.0,1.0,1.0,1.0
33_audio,1.0,1.0,,,1.0,1.0,1.0,1.0
33_visual,1.0,,,,1.0,1.0,1.0,1.0
330_audio,1.0,1.0,,,1.0,1.0,1.0,1.0
330_visual,1.0,,,,1.0,1.0,1.0,1.0
331_audio,1.0,1.0,,,1.0,1.0,1.0,1.0
331_visual,1.0,,,,1.0,1.0,1.0,1.0
332_audio,1.0,1.0,,,1.0,1.0,1.0,1.0
332_visual,1.0,,,,1.0,1.0,1.0,1.0
333_audio,1.0,1.0,,,1.0,1.0,1.0,1.0
333_visual,1.0,,,,1.0,1.0,1.0,1.0
334_audio,1.0,1.0,,,1.0,1.0,1.0,1.0
334_visual,1.0,,,,1.0,1.0,1.0,1.0
335_audio,1.0,1.0,,,1.0,1.0,1.0,1.0
335_visual,1.0,,,,1.0,1.0,1.0,1.0
336_audio,1.0,1.0,,,1.0,1.0,1.0,1.0
336_visual,1.0,,,,1.0,1.0,1.0,1.0
337_audio,1.0,1.0,,,1.0,1.0,1.0,1.0
337_visual,1.0,,,,1.0,1.0,1.0,1.0
338_audio,1.0,1.0,,,1.0,1.0,1.0,1.0
338_visual,1.0,,,,1.0,1.0,1.0,1.0
339_audio,1.0,1.0,,,1.0,1.0,1.0,1.0
339_visual,1.0,,,,1.0,1.0,1.0,1.0
34_audio,1.0,1.0,,,1.0,1.0,1.0,1.0
34_visual,1.0,,,,1.0,1.0,1.0,1.0
340_audio,1.0,1.0,,,1.0,1.0,1.0,1.0
340_visual,1.0,,,,1.0,1.0,1.0,1.0
341_audio,1.0,1.0,,,1.0,1.0,1.0,1.0
341_visual,1.0,,,,1.0,1.0,1.0,1.0
342_audio,1.0,1.0,,,1.0,1.0,1.0,1.0
342_visual,1.0,,,,1.0,1.0,1.0,1.0
343_audio,1.0,1.0,,,1.0,1.0,1.0,1.0
343_visual,1.0,,,,1.0,1.0,1.0,1.0
344_audio,1.0,1.0,,,1.0,1.0,1.0,1.0
344_visual,1.0,,,,1.0,1.0,1.0,1.0
345_audio,1.0,1.0,,,1.0,1.0,1.0,1.0
345_visual,1.0,,,,1.0,1.0,1.0,1.0
346_audio,1.0,1.0,,,1.0,1.0,1.0,1.0
346_visual,1.0,,,,1.0,1.0,1.0,1.0
347_audio,1.0,1.0,,,1.0,1.0,1.0,1.0
347_visual,1.0,,,,1.0,1.0,1.0,1.0
348_audio,1.0,1.0,,,1.0,1.0,1.0,1.0
348_visual,1.0,,,,1.0,1.0,1.0,1.0
349_audio,1.0,1.0,,,1.0,1.0,1.0,1.0
349_visual,1.0,,,,1.0,1.0,1.0,1.0
35_audio,1.0,1.0,,,1.0,1.0,1.0,1.0
35_visual,1.0,,,,1.0,1.0,1.0,1.0
350_audio,1.0,1.0,,,1.0,1.0,1.0,1.0
350_visual,1.0,,,,1.0,1.0,1.0,1.0
351_audio,1.0,1.0,,,1.0,1.0,1.0,1.0
351_visual,1.0,,,,1.0,1.0,1.0,1.0
352_audio,1.0,1.0,,,1.0,1.0,1.0,1.0
352_visual,1.0,,,,1.0,1.0,1.0,1.0
353_audio,1.0,1.0,,,1.0,1.0,1.0,1.0
353_visual,1.0,,,,1.0,1.0,1.0,1.0
354_audio,1.0,1.0,,,1.0,1.0,1.0,1.0
354_visual,1.0,,,,1.0,1.0,1.0,1.0
355_audio,1.0,1.0,,,1.0,1.0,1.0,1.0
355_visual,1.0,,,,1.0,1.0,1.0,1.0
356_audio,1.0,1.0,,,1.0,1.0,1.0,1.0
356_visual,1.0,,,,1.0,1.0,1.0,1.0
357_audio,1.0,1.0,,,1.0,1.0,1.0,1.0
357_visual,1.0,,,,1.0,1.0,1.0,1.0
358_audio,1.0,1.0,,,1.0,1.0,1.0,1.0
358_visual,1.0,,,,1.0,1.0,1.0,1.0
359_audio,1.0,1.0,,,1.0,1.0,1.0,1.0
359_visual,1.0,,,,1.0,1.0,1.0,1.0
36_audio,1.0,1.0,,,1.0,1.0,1.0,1.0
36_visual,1.0,,,,1.0,1.0,1.0,1.0
360_audio,1.0,1.0,,,1.0,1.0,1.0,1.0
360_visual,1.0,,,,1.0,1.0,1.0,1.0
361_audio,1.0,1.0,,,1.0,1.0,1.0,1.0
361_visual,1.0,,,,1.0,1.0,1.0,1.0
362_audio,1.0,1.0,,,1.0,1.0,1.0,1.0
362_visual,1.0,,,,1.0,1.0,1.0,1.0
363_audio,1.0,1.0,,,1.0,1.0,1.0,1.0
363_visual,1.0,,,,1.0,1.0,1.0,1.0
364_audio,1.0,1.0,,,1.0,1.0,1.0,1.0
364_visual,1.0,,,,1.0,1.0,1.0,1.0
365_audio,1.0,1.0,,,1.0,1.0,1.0,1.0
365_visual,1.0,,,,1.0,1.0,1.0,1.0
366_audio,1.0,1.0,,,1.0,1.0,1.0,1.0
366_visual,1.0,,,,1.0,1.0,1.0,1.0
367_audio,1.0,1.0,,,1.0,1.0,1.0,1.0
367_visual,1.0,,,,1.0,1.0,1.0,1.0
368_audio,1.0,1.0,,,1.0,1.0,1.0,1.0
368_visual,1.0,,,,1.0,1.0,1.0,1.0
369_audio,1.0,1.0,,,1.0,1.0,1.0,1.0
369_visual,1.0,,,,1.0,1.0,1.0,1.0
37_audio,1.0,1.0,,,1.0,1.0,1.0,1.0
37_visual,1.0,,,,1.0,1.0,1.0,1.0
370_audio,1.0,1.0,,,1.0,1.0,1.0,1.0
370_visual,1.0,,,,1.0,1.0,1.0,1.0
371_audio,1.0,1.0,,,1.0,1.0,1.0,1.0
371_visual,1.0,,,,1.0,1.0,1.0,1.0
372_audio,1.0,1.0,,,1.0,1.0,1.0,1.0
372_visual,1.0,,,,1.0,1.0,1.0,1.0
373_audio,1.0,1.0,,,1.0,1.0,1.0,1.0
373_visual,1.0,,,,1.0,1.0,1.0,1.0
374_audio,1.0,1.0,,,1.0,1.0,1.0,1.0
374_visual,1.0,,,,1.0,1.0,1.0,1.0
375_audio,1.0,1.0,,,1.0,1.0,1.0,1.0
375_visual,1.0,,,,1.0,1.0,1.0,1.0
376_audio,1.0,1.0,,,1.0,1.0,1.0,1.0
376_visual,1.0,,,,1.0,1.0,1.0,1.0
377_audio,1.0,1.0,,,1.0,1.0,1.0,1.0
377_visual,1.0,,,,1.0,1.0,1.0,1.0
378_audio,1.0,1.0,,,1.0,1.0,1.0,1.0
378_visual,1.0,,,,1.0,1.0,1.0,1.0
379_audio,1.0,1.0,,,1.0,1.0,1.0,1.0
379_visual,1.0,,,,1.0,1.0,1.0,1.0
38_audio,1.0,1.0,,,1.0,1.0,1.0,1.0
38_visual,1.0,,,,1.0,1.0,1.0,1.0
380_audio,1.0,1.0,,,1.0,1.0,1.0,1.0
380_visual,1.0,,,,1.0,1.0,1.0,1.0
381_audio,1.0,1.0,,,1.0,1.0,1.0,1.0
381_visual,1.0,,,,1.0,1.0,1.0,1.0
382_audio,1.0,1.0,,,1.0,1.0,1.0,1.0
382_visual,1.0,,,,1.0,1.0,1.0,1.0
383_audio,1.0,1.0,,,1.0,1.0,1.0,1.0
383_visual,1.0,,,,1.0,1.0,1.0,1.0
384_audio,1.0,1.0,,,1.0,1.0,1.0,1.0
384_visual,1.0,,,,1.0,1.0,1.0,1.0
385_audio,1.0,1.0,,,1.0,1.0,1.0,1.0
385_visual,1.0,,,,1.0,1.0,1.0,1.0
386_audio,1.0,1.0,,,1.0,1.0,1.0,1.0
386_visual,1.0,,,,1.0,1.0,1.0,1.0
387_audio,1.0,1.0,,,1.0,1.0,1.0,1.0
387_visual,1.0,,,,1.0,1.0,1.0,1.0
388_audio,1.0,1.0,,,1.0,1.0,1.0,1.0
388_visual,1.0,,,,1.0,1.0,1.0,1.0
389_audio,1.0,1.0,,,1.0,1.0,1.0,1.0
389_visual,1.0,,,,1.0,1.0,1.0,1.0
39_audio,1.0,1.0,,,1.0,1.0,1.0,1.0
39_visual,1.0,,,,1.0,1.0,1.0,1.0
390_audio,1.0,1.0,,,1.0,1.0,1.0,1.0
390_visual,1.0,,,,1.0,1.0,1.0,1.0
391_audio,1.0,1.0,,,1.0,1.0,1.0,1.0
391_visual,1.0,,,,1.0,1.0,1.0,1.0
392_audio,1.0,1.0,,,1.0,1.0,1.0,1.0
392_visual,1.0,,,,1.0,1.0,1.0,1.0
393_audio,1.0,1.0,,,1.0,1.0,1.0,1.0
393_visual,1.0,,,,1.0,1.0,1.0,1.0
394_audio,1.0,1.0,,,1.0,1.0,1.0,1.0
394_visual,1.0,,,,1.0,1.0,1.0,1.0
395_audio,1.0,1.0,,,1.0,1.0,1.0,1.0
395_visual,1.0,,,,1.0,1.0,1.0,1.0
396_audio,1.0,1.0,,,1.0,1.0,1.0,1.0
396_visual,1.0,,,,1.0,1.0,1.0,1.0
397_audio,1.0,1.0,,,1.0,1.0,1.0,1.0
397_visual,1.0,,,,1.0,1.0,1.0,1.0
398_audio,1.0,1.0,,,1.0,1.0,1.0,1.0
398_visual,1.0,,,,1.0,1.0,1.0,1.0
399_audio,1.0,1.0,,,1.0,1.0,1.0,1.0
399_visual,1.0,,,,1.0,1.0,1.0,1.0
4_audio,1.0,1.0,,,1.0,1.0,1.0,1.0
4_visual,1.0,,,,1.0,1.0,1.0,1.0
40_audio,1.0,1.0,,,1.0,1.0,1.0,1.0
40_visual,1.0,,,,1.0,1.0,1.0,1.0
400_audio,1.0,1.0,,,1.0,1.0,1.0,1.0
400_visual,1.0,,,,1.0,1.0,1.0,1.0
401_audio,1.0,1.0,,,1.0,1.0,1.0,1.0
401_visual,1.0,,,,1.0,1.0,1.0,1.0
402_audio,1.0,1.0,,,1.0,1.0,1.0,1.0
402_visual,1.0,,,,1.0,1.0,1.0,1.0
403_audio,1.0,1.0,,,1.0,1.0,1.0,1.0
403_visual,1.0,,,,1.0,1.0,1.0,1.0
404_audio,1.0,1.0,,,1.0,1.0,1.0,1.0
404_visual,1.0,,,,1.0,1.0,1.0,1.0
405_audio,1.0,1.0,,,1.0,1.0,1.0,1.0
405_visual,1.0,,,,1.0,1.0,1.0,1.0
406_audio,1.0,1.0,,,1.0,1.0,1.0,1.0
406_visual,1.0,,,,1.0,1.0,1.0,1.0
407_audio,1.0,1.0,,,1.0,1.0,1.0,1.0
407_visual,1.0,,,,1.0,1.0,1.0,1.0
408_audio,1.0,1.0,,,1.0,1.0,1.0,1.0
408_visual,1.0,,,,1.0,1.0,1.0,1.0
409_audio,1.0,1.0,,,1.0,1.0,1.0,1.0
409_visual,1.0,,,,1.0,1.0,1.0,1.0
41_audio,1.0,1.0,,,1.0,1.0,1.0,1.0
41_visual,1.0,,,,1.0,1.0,1.0,1.0
410_audio,1.0,1.0,,,1.0,1.0,1.0,1.0
410_visual,1.0,,,,1.0,1.0,1.0,1.0
411_audio,1.0,1.0,,,1.0,1.0,1.0,1.0
411_visual,1.0,,,,1.0,1.0,1.0,1.0
412_audio,1.0,1.0,,,1.0,1.0,1.0,1.0
412_visual,1.0,,,,1.0,1.0,1.0,1.0
413_audio,1.0,1.0,,,1.0,1.0,1.0,1.0
413_visual,1.0,,,,1.0,1.0,1.0,1.0
414_audio,1.0,1.0,,,1.0,1.0,1.0,1.0
414_visual,1.0,,,,1.0,1.0,1.0,1.0
415_audio,1.0,1.0,,,1.0,1.0,1.0,1.0
415_visual,1.0,,,,1.0,1.0,1.0,1.0
416_audio,1.0,1.0,,,1.0,1.0,1.0,1.0
416_visual,1.0,,,,1.0,1.0,1.0,1.0
417_audio,1.0,1.0,,,1.0,1.0,1.0,1.0
417_visual,1.0,,,,1.0,1.0,1.0,1.0
418_audio,1.0,1.0,,,1.0,1.0,1.0,1.0
418_visual,1.0,,,,1.0,1.0,1.0,1.0
419_audio,1.0,1.0,,,1.0,1.0,1.0,1.0
419_visual,1.0,,,,1.0,1.0,1.0,1.0
42_audio,1.0,1.0,,,1.0,1.0,1.0,1.0
42_visual,1.0,,,,1.0,1.0,1.0,1.0
420_audio,1.0,1.0,,,1.0,1.0,1.0,1.0
420_visual,1.0,,,,1.0,1.0,1.0,1.0
421_audio,1.0,1.0,,,1.0,1.0,1.0,1.0
421_visual,1.0,,,,1.0,1.0,1.0,1.0
422_audio,1.0,1.0,,,1.0,1.0,1.0,1.0
422_visual,1.0,,,,1.0,1.0,1.0,1.0
423_audio,1.0,1.0,,,1.0,1.0,1.0,1.0
423_visual,1.0,,,,1.0,1.0,1.0,1.0
424_audio,1.0,1.0,,,1.0,1.0,1.0,1.0
424_visual,1.0,,,,1.0,1.0,1.0,1.0
425_audio,1.0,1.0,,,1.0,1.0,1.0,1.0
425_visual,1.0,,,,1.0,1.0,1.0,1.0
426_audio,1.0,1.0,,,1.0,1.0,1.0,1.0
426_visual,1.0,,,,1.0,1.0,1.0,1.0
427_audio,1.0,1.0,,,1.0,1.0,1.0,1.0
427_visual,1.0,,,,1.0,1.0,1.0,1.0
428_audio,1.0,1.0,,,1.0,1.0,1.0,1.0
428_visual,1.0,,,,1.0,1.0,1.0,1.0
429_audio,1.0,1.0,,,1.0,1.0,1.0,1.0
429_visual,1.0,,,,1.0,1.0,1.0,1.0
43_audio,1.0,1.0,,,1.0,1.0,1.0,1.0
43_visual,1.0,,,,1.0,1.0,1.0,1.0
430_audio,1.0,1.0,,,1.0,1.0,1.0,1.0
430_visual,1.0,,,,1.0,1.0,1.0,1.0
431_audio,1.0,1.0,,,1.0,1.0,1.0,1.0
431_visual,1.0,,,,1.0,1.0,1.0,1.0
432_audio,1.0,1.0,,,1.0,1.0,1.0,1.0
432_visual,1.0,,,,1.0,1.0,1.0,1.0
433_audio,1.0,1.0,,,1.0,1.0,1.0,1.0
433_visual,1.0,,,,1.0,1.0,1.0,1.0
434_audio,1.0,1.0,,,1.0,1.0,1.0,1.0
434_visual,1.0,,,,1.0,1.0,1.0,1.0
435_audio,1.0,1.0,,,1.0,1.0,1.0,1.0
435_visual,1.0,,,,1.0,1.0,1.0,1.0
436_audio,1.0,1.0,,,1.0,1.0,1.0,1.0
436_visual,1.0,,,,1.0,1.0,1.0,1.0
437_audio,1.0,1.0,,,1.0,1.0,1.0,1.0
437_visual,1.0,,,,1.0,1.0,1.0,1.0
438_audio,1.0,1.0,,,1.0,1.0,1.0,1.0
438_visual,1.0,,,,1.0,1.0,1.0,1.0
439_audio,1.0,1.0,,,1.0,1.0,1.0,1.0
439_visual,1.0,,,,1.0,1.0,1.0,1.0
44_audio,1.0,1.0,,,1.0,1.0,1.0,1.0
44_visual,1.0,,,,1.0,1.0,1.0,1.0
440_audio,1.0,1.0,,,1.0,1.0,1.0,1.0
440_visual,1.0,,,,1.0,1.0,1.0,1.0
441_audio,1.0,1.0,,,1.0,1.0,1.0,1.0
441_visual,1.0,,,,1.0,1.0,1.0,1.0
442_audio,1.0,1.0,,,1.0,1.0,1.0,1.0
442_visual,1.0,,,,1.0,1.0,1.0,1.0
443_audio,1.0,1.0,,,1.0,1.0,1.0,1.0
443_visual,1.0,,,,1.0,1.0,1.0,1.0
444_audio,1.0,1.0,,,1.0,1.0,1.0,1.0
444_visual,1.0,,,,1.0,1.0,1.0,1.0
445_audio,1.0,1.0,,,1.0,1.0,1.0,1.0
445_visual,1.0,,,,1.0,1.0,1.0,1.0
446_audio,1.0,1.0,,,1.0,1.0,1.0,1.0
446_visual,1.0,,,,1.0,1.0,1.0,1.0
447_audio,1.0,1.0,,,1.0,1.0,1.0,1.0
447_visual,1.0,,,,1.0,1.0,1.0,1.0
448_audio,1.0,1.0,,,1.0,1.0,1.0,1.0
448_visual,1.0,,,,1.0,1.0,1.0,1.0
449_audio,1.0,1.0,,,1.0,1.0,1.0,1.0
449_visual,1.0,,,,1.0,1.0,1.0,1.0
45_audio,1.0,1.0,,,1.0,1.0,1.0,1.0
45_visual,1.0,,,,1.0,1.0,1.0,1.0
450_audio,1.0,1.0,,,1.0,1.0,1.0,1.0
450_visual,1.0,,,,1.0,1.0,1.0,1.0
451_audio,1.0,1.0,,,1.0,1.0,1.0,1.0
451_visual,1.0,,,,1.0,1.0,1.0,1.0
452_audio,1.0,1.0,,,1.0,1.0,1.0,1.0
452_visual,1.0,,,,1.0,1.0,1.0,1.0
453_audio,1.0,1.0,,,1.0,1.0,1.0,1.0
453_visual,1.0,,,,1.0,1.0,1.0,1.0
454_audio,1.0,1.0,,,1.0,1.0,1.0,1.0
454_visual,1.0,,,,1.0,1.0,1.0,1.0
455_audio,1.0,1.0,,,1.0,1.0,1.0,1.0
455_visual,1.0,,,,1.0,1.0,1.0,1.0
456_audio,1.0,1.0,,,1.0,1.0,1.0,1.0
456_visual,1.0,,,,1.0,1.0,1.0,1.0
457_audio,1.0,1.0,,,1.0,1.0,1.0,1.0
457_visual,1.0,,,,1.0,1.0,1.0,1.0
458_audio,1.0,1.0,,,1.0,1.0,1.0,1.0
458_visual,1.0,,,,1.0,1.0,1.0,1.0
459_audio,1.0,1.0,,,1.0,1.0,1.0,1.0
459_visual,1.0,,,,1.0,1.0,1.0,1.0
46_audio,1.0,1.0,,,1.0,1.0,1.0,1.0
46_visual,1.0,,,,1.0,1.0,1.0,1.0
460_audio,1.0,1.0,,,1.0,1.0,1.0,1.0
460_visual,1.0,,,,1.0,1.0,1.0,1.0
461_audio,1.0,1.0,,,1.0,1.0,1.0,1.0
461_visual,1.0,,,,1.0,1.0,1.0,1.0
462_audio,1.0,1.0,,,1.0,1.0,1.0,1.0
462_visual,1.0,,,,1.0,1.0,1.0,1.0
463_audio,1.0,1.0,,,1.0,1.0,1.0,1.0
463_visual,1.0,,,,1.0,1.0,1.0,1.0
464_audio,1.0,1.0,,,1.0,1.0,1.0,1.0
464_visual,1.0,,,,1.0,1.0,1.0,1.0
465_audio,1.0,1.0,,,1.0,1.0,1.0,1.0
465_visual,1.0,,,,1.0,1.0,1.0,1.0
466_audio,1.0,1.0,,,1.0,1.0,1.0,1.0
466_visual,1.0,,,,1.0,1.0,1.0,1.0
467_audio,1.0,1.0,,,1.0,1.0,1.0,1.0
467_visual,1.0,,,,1.0,1.0,1.0,1.0
468_audio,1.0,1.0,,,1.0,1.0,1.0,1.0
468_visual,1.0,,,,1.0,1.0,1.0,1.0
469_audio,1.0,1.0,,,1.0,1.0,1.0,1.0
469_visual,1.0,,,,1.0,1.0,1.0,1.0
47_audio,1.0,1.0,,,1.0,1.0,1.0,1.0
47_visual,1.0,,,,1.0,1.0,1.0,1.0
470_audio,1.0,1.0,,,1.0,1.0,1.0,1.0
470_visual,1.0,,,,1.0,1.0,1.0,1.0
471_audio,1.0,1.0,,,1.0,1.0,1.0,1.0
471_visual,1.0,,,,1.0,1.0,1.0,1.0
472_audio,1.0,1.0,,,1.0,1.0,1.0,1.0
472_visual,1.0,,,,1.0,1.0,1.0,1.0
473_audio,1.0,1.0,,,1.0,1.0,1.0,1.0
473_visual,1.0,,,,1.0,1.0,1.0,1.0
474_audio,1.0,1.0,,,1.0,1.0,1.0,1.0
474_visual,1.0,,,,1.0,1.0,1.0,1.0
475_audio,1.0,1.0,,,1.0,1.0,1.0,1.0
475_visual,1.0,,,,1.0,1.0,1.0,1.0
476_audio,1.0,1.0,,,1.0,1.0,1.0,1.0
476_visual,1.0,,,,1.0,1.0,1.0,1.0
477_audio,1.0,1.0,,,1.0,1.0,1.0,1.0
477_visual,1.0,,,,1.0,1.0,1.0,1.0
478_audio,1.0,1.0,,,1.0,1.0,1.0,1.0
478_visual,1.0,,,,1.0,1.0,1.0,1.0
479_audio,1.0,1.0,,,1.0,1.0,1.0,1.0
479_visual,1.0,,,,1.0,1.0,1.0,1.0
48_audio,1.0,1.0,,,1.0,1.0,1.0,1.0
48_visual,1.0,,,,1.0,1.0,1.0,1.0
480_audio,1.0,1.0,,,1.0,1.0,1.0,1.0
480_visual,1.0,,,,1.0,1.0,1.0,1.0
481_audio,1.0,1.0,,,1.0,1.0,1.0,1.0
481_visual,1.0,,,,1.0,1.0,1.0,1.0
482_audio,1.0,1.0,,,1.0,1.0,1.0,1.0
482_visual,1.0,,,,1.0,1.0,1.0,1.0
483_audio,1.0,1.0,,,1.0,1.0,1.0,1.0
483_visual,1.0,,,,1.0,1.0,1.0,1.0
484_audio,1.0,1.0,,,1.0,1.0,1.0,1.0
484_visual,1.0,,,,1.0,1.0,1.0,1.0
485_audio,1.0,1.0,,,1.0,1.0,1.0,1.0
485_visual,1.0,,,,1.0,1.0,1.0,1.0
486_audio,1.0,1.0,,,1.0,1.0,1.0,1.0
486_visual,1.0,,,,1.0,1.0,1.0,1.0
487_audio,1.0,1.0,,,1.0,1.0,1.0,1.0
487_visual,1.0,,,,1.0,1.0,1.0,1.0
488_audio,1.0,1.0,,,1.0,1.0,1.0,1.0
488_visual,1.0,,,,1.0,1.0,1.0,1.0
489_audio,1.0,1.0,,,1.0,1.0,1.0,1.0
489_visual,1.0,,,,1.0,1.0,1.0,1.0
49_audio,1.0,1.0,,,1.0,1.0,1.0,1.0
49_visual,1.0,,,,1.0,1.0,1.0,1.0
490_audio,1.0,1.0,,,1.0,1.0,1.0,1.0
490_visual,1.0,,,,1.0,1.0,1.0,1.0
491_audio,1.0,1.0,,,1.0,1.0,1.0,1.0
491_visual,1.0,,,,1.0,1.0,1.0,1.0
492_audio,1.0,1.0,,,1.0,1.0,1.0,1.0
492_visual,1.0,,,,1.0,1.0,1.0,1.0
493_audio,1.0,1.0,,,1.0,1.0,1.0,1.0
493_visual,1.0,,,,1.0,1.0,1.0,1.0
494_audio,1.0,1.0,,,1.0,1.0,1.0,1.0
494_visual,1.0,,,,1.0,1.0,1.0,1.0
495_audio,1.0,1.0,,,1.0,1.0,1.0,1.0
495_visual,1.0,,,,1.0,1.0,1.0,1.0
496_audio,1.0,1.0,,,1.0,1.0,1.0,1.0
496_visual,1.0,,,,1.0,1.0,1.0,1.0
497_audio,1.0,1.0,,,1.0,1.0,1.0,1.0
497_visual,1.0,,,,1.0,1.0,1.0,1.0
498_audio,1.0,1.0,,,1.0,1.0,1.0,1.0
498_visual,1.0,,,,1.0,1.0,1.0,1.0
499_audio,1.0,1.0,,,1.0,1.0,1.0,1.0
499_visual,1.0,,,,1.0,1.0,1.0,1.0
5_audio,1.0,1.0,,,1.0,1.0,1.0,1.0
5_visual,1.0,,,,1.0,1.0,1.0,1.0
50_audio,1.0,1.0,,,1.0,1.0,1.0,1.0
50_visual,1.0,,,,1.0,1.0,1.0,1.0
500_audio,1.0,1.0,,,1.0,1.0,1.0,1.0
500_visual,1.0,,,,1.0,1.0,1.0,1.0
501_audio,1.0,1.0,,,1.0,1.0,1.0,1.0
501_visual,1.0,,,,1.0,1.0,1.0,1.0
502_audio,1.0,1.0,,,1.0,1.0,1.0,1.0
502_visual,1.0,,,,1.0,1.0,1.0,1.0
503_audio,1.0,1.0,,,1.0,1.0,1.0,1.0
503_visual,1.0,,,,1.0,1.0,1.0,1.0
504_audio,1.0,1.0,,,1.0,1.0,1.0,1.0
504_visual,1.0,,,,1.0,1.0,1.0,1.0
505_audio,1.0,1.0,,,1.0,1.0,1.0,1.0
505_visual,1.0,,,,1.0,1.0,1.0,1.0
506_audio,1.0,1.0,,,1.0,1.0,1.0,1.0
506_visual,1.0,,,,1.0,1.0,1.0,1.0
507_audio,1.0,1.0,,,1.0,1.0,1.0,1.0
507_visual,1.0,,,,1.0,1.0,1.0,1.0
508_audio,1.0,1.0,,,1.0,1.0,1.0,1.0
508_visual,1.0,,,,1.0,1.0,1.0,1.0
509_audio,1.0,1.0,,,1.0,1.0,1.0,1.0
509_visual,1.0,,,,1.0,1.0,1.0,1.0
51_audio,1.0,1.0,,,1.0,1.0,1.0,1.0
51_visual,1.0,,,,1.0,1.0,1.0,1.0
510_audio,1.0,1.0,,,1.0,1.0,1.0,1.0
510_visual,1.0,,,,1.0,1.0,1.0,1.0
511_audio,1.0,1.0,,,1.0,1.0,1.0,1.0
511_visual,1.0,,,,1.0,1.0,1.0,1.0
512_audio,1.0,1.0,,,1.0,1.0,1.0,1.0
512_visual,1.0,,,,1.0,1.0,1.0,1.0
513_audio,1.0,1.0,,,1.0,1.0,1.0,1.0
513_visual,1.0,,,,1.0,1.0,1.0,1.0
514_audio,1.0,1.0,,,1.0,1.0,1.0,1.0
514_visual,1.0,,,,1.0,1.0,1.0,1.0
515_audio,1.0,1.0,,,1.0,1.0,1.0,1.0
515_visual,1.0,,,,1.0,1.0,1.0,1.0
516_audio,1.0,1.0,,,1.0,1.0,1.0,1.0
516_visual,1.0,,,,1.0,1.0,1.0,1.0
517_audio,1.0,1.0,,,1.0,1.0,1.0,1.0
517_visual,1.0,,,,1.0,1.0,1.0,1.0
518_audio,1.0,1.0,,,1.0,1.0,1.0,1.0
518_visual,1.0,,,,1.0,1.0,1.0,1.0
519_audio,1.0,1.0,,,1.0,1.0,1.0,1.0
519_visual,1.0,,,,1.0,1.0,1.0,1.0
52_audio,1.0,1.0,,,1.0,1.0,1.0,1.0
52_visual,1.0,,,,1.0,1.0,1.0,1.0
520_audio,1.0,1.0,,,1.0,1.0,1.0,1.0
520_visual,1.0,,,,1.0,1.0,1.0,1.0
521_audio,1.0,1.0,,,1.0,1.0,1.0,1.0
521_visual,1.0,,,,1.0,1.0,1.0,1.0
522_audio,1.0,1.0,,,1.0,1.0,1.0,1.0
522_visual,1.0,,,,1.0,1.0,1.0,1.0
523_audio,1.0,1.0,,,1.0,1.0,1.0,1.0
523_visual,1.0,,,,1.0,1.0,1.0,1.0
524_audio,1.0,1.0,,,1.0,1.0,1.0,1.0
524_visual,1.0,,,,1.0,1.0,1.0,1.0
525_audio,1.0,1.0,,,1.0,1.0,1.0,1.0
525_visual,1.0,,,,1.0,1.0,1.0,1.0
526_audio,1.0,1.0,,,1.0,1.0,1.0,1.0
526_visual,1.0,,,,1.0,1.0,1.0,1.0
527_audio,1.0,1.0,,,1.0,1.0,1.0,1.0
527_visual,1.0,,,,1.0,1.0,1.0,1.0
528_audio,1.0,1.0,,,1.0,1.0,1.0,1.0
528_visual,1.0,,,,1.0,1.0,1.0,1.0
529_audio,1.0,1.0,,,1.0,1.0,1.0,1.0
529_visual,1.0,,,,1.0,1.0,1.0,1.0
53_audio,1.0,1.0,,,1.0,1.0,1.0,1.0
53_visual,1.0,,,,1.0,1.0,1.0,1.0
530_audio,1.0,1.0,,,1.0,1.0,1.0,1.0
530_visual,1.0,,,,1.0,1.0,1.0,1.0
531_audio,1.0,1.0,,,1.0,1.0,1.0,1.0
531_visual,1.0,,,,1.0,1.0,1.0,1.0
532_audio,1.0,1.0,,,1.0,1.0,1.0,1.0
532_visual,1.0,,,,1.0,1.0,1.0,1.0
533_audio,1.0,1.0,,,1.0,1.0,1.0,1.0
533_visual,1.0,,,,1.0,1.0,1.0,1.0
534_audio,1.0,1.0,,,1.0,1.0,1.0,1.0
534_visual,1.0,,,,1.0,1.0,1.0,1.0
535_audio,1.0,1.0,,,1.0,1.0,1.0,1.0
535_visual,1.0,,,,1.0,1.0,1.0,1.0
536_audio,1.0,1.0,,,1.0,1.0,1.0,1.0
536_visual,1.0,,,,1.0,1.0,1.0,1.0
537_audio,1.0,1.0,,,1.0,1.0,1.0,1.0
537_visual,1.0,,,,1.0,1.0,1.0,1.0
538_audio,1.0,1.0,,,1.0,1.0,1.0,1.0
538_visual,1.0,,,,1.0,1.0,1.0,1.0
539_audio,1.0,1.0,,,1.0,1.0,1.0,1.0
539_visual,1.0,,,,1.0,1.0,1.0,1.0
54_audio,1.0,1.0,,,1.0,1.0,1.0,1.0
54_visual,1.0,,,,1.0,1.0,1.0,1.0
540_audio,1.0,1.0,,,1.0,1.0,1.0,1.0
540_visual,1.0,,,,1.0,1.0,1.0,1.0
541_audio,1.0,1.0,,,1.0,1.0,1.0,1.0
541_visual,1.0,,,,1.0,1.0,1.0,1.0
542_audio,1.0,1.0,,,1.0,1.0,1.0,1.0
542_visual,1.0,,,,1.0,1.0,1.0,1.0
543_audio,1.0,1.0,,,1.0,1.0,1.0,1.0
543_visual,1.0,,,,1.0,1.0,1.0,1.0
544_audio,1.0,1.0,,,1.0,1.0,1.0,1.0
544_visual,1.0,,,,1.0,1.0,1.0,1.0
545_audio,1.0,1.0,,,1.0,1.0,1.0,1.0
545_visual,1.0,,,,1.0,1.0,1.0,1.0
546_audio,1.0,1.0,,,1.0,1.0,1.0,1.0
546_visual,1.0,,,,1.0,1.0,1.0,1.0
547_audio,1.0,1.0,,,1.0,1.0,1.0,1.0
547_visual,1.0,,,,1.0,1.0,1.0,1.0
548_audio,1.0,1.0,,,1.0,1.0,1.0,1.0
548_visual,1.0,,,,1.0,1.0,1.0,1.0
549_audio,1.0,1.0,,,1.0,1.0,1.0,1.0
549_visual,1.0,,,,1.0,1.0,1.0,1.0
55_audio,1.0,1.0,,,1.0,1.0,1.0,1.0
55_visual,1.0,,,,1.0,1.0,1.0,1.0
550_audio,1.0,1.0,,,1.0,1.0,1.0,1.0
550_visual,1.0,,,,1.0,1.0,1.0,1.0
551_audio,1.0,1.0,,,1.0,1.0,1.0,1.0
551_visual,1.0,,,,1.0,1.0,1.0,1.0
552_audio,1.0,1.0,,,1.0,1.0,1.0,1.0
552_visual,1.0,,,,1.0,1.0,1.0,1.0
553_audio,1.0,1.0,,,1.0,1.0,1.0,1.0
553_visual,1.0,,,,1.0,1.0,1.0,1.0
554_audio,1.0,1.0,,,1.0,1.0,1.0,1.0
554_visual,1.0,,,,1.0,1.0,1.0,1.0
555_audio,1.0,1.0,,,1.0,1.0,1.0,1.0
555_visual,1.0,,,,1.0,1.0,1.0,1.0
556_audio,1.0,1.0,,,1.0,1.0,1.0,1.0
556_visual,1.0,,,,1.0,1.0,1.0,1.0
557_audio,1.0,1.0,,,1.0,1.0,1.0,1.0
557_visual,1.0,,,,1.0,1.0,1.0,1.0
558_audio,1.0,1.0,,,1.0,1.0,1.0,1.0
558_visual,1.0,,,,1.0,1.0,1.0,1.0
559_audio,1.0,1.0,,,1.0,1.0,1.0,1.0
559_visual,1.0,,,,1.0,1.0,1.0,1.0
56_audio,1.0,1.0,,,1.0,1.0,1.0,1.0
56_visual,1.0,,,,1.0,1.0,1.0,1.0
560_audio,1.0,1.0,,,1.0,1.0,1.0,1.0
560_visual,1.0,,,,1.0,1.0,1.0,1.0
561_audio,1.0,1.0,,,1.0,1.0,1.0,1.0
561_visual,1.0,,,,1.0,1.0,1.0,1.0
562_audio,1.0,1.0,,,1.0,1.0,1.0,1.0
562_visual,1.0,,,,1.0,1.0,1.0,1.0
563_audio,1.0,1.0,,,1.0,1.0,1.0,1.0
563_visual,1.0,,,,1.0,1.0,1.0,1.0
564_audio,1.0,1.0,,,1.0,1.0,1.0,1.0
564_visual,1.0,,,,1.0,1.0,1.0,1.0
565_audio,1.0,1.0,,,1.0,1.0,1.0,1.0
565_visual,1.0,,,,1.0,1.0,1.0,1.0
566_audio,1.0,1.0,,,1.0,1.0,1.0,1.0
566_visual,1.0,,,,1.0,1.0,1.0,1.0
567_audio,1.0,1.0,,,1.0,1.0,1.0,1.0
567_visual,1.0,,,,1.0,1.0,1.0,1.0
568_audio,1.0,1.0,,,1.0,1.0,1.0,1.0
568_visual,1.0,,,,1.0,1.0,1.0,1.0
569_audio,1.0,1.0,,,1.0,1.0,1.0,1.0
569_visual,1.0,,,,1.0,1.0,1.0,1.0
57_audio,1.0,1.0,,,1.0,1.0,1.0,1.0
57_visual,1.0,,,,1.0,1.0,1.0,1.0
570_audio,1.0,1.0,,,1.0,1.0,1.0,1.0
570_visual,1.0,,,,1.0,1.0,1.0,1.0
571_audio,1.0,1.0,,,1.0,1.0,1.0,1.0
571_visual,1.0,,,,1.0,1.0,1.0,1.0
572_audio,1.0,1.0,,,1.0,1.0,1.0,1.0
572_visual,1.0,,,,1.0,1.0,1.0,1.0
573_audio,1.0,1.0,,,1.0,1.0,1.0,1.0
573_visual,1.0,,,,1.0,1.0,1.0,1.0
574_audio,1.0,1.0,,,1.0,1.0,1.0,1.0
574_visual,1.0,,,,1.0,1.0,1.0,1.0
575_audio,1.0,1.0,,,1.0,1.0,1.0,1.0
575_visual,1.0,,,,1.0,1.0,1.0,1.0
576_audio,1.0,1.0,,,1.0,1.0,1.0,1.0
576_visual,1.0,,,,1.0,1.0,1.0,1.0
577_audio,1.0,1.0,,,1.0,1.0,1.0,1.0
577_visual,1.0,,,,1.0,1.0,1.0,1.0
578_audio,1.0,1.0,,,1.0,1.0,1.0,1.0
578_visual,1.0,,,,1.0,1.0,1.0,1.0
579_audio,1.0,1.0,,,1.0,1.0,1.0,1.0
579_visual,1.0,,,,1.0,1.0,1.0,1.0
58_audio,1.0,1.0,,,1.0,1.0,1.0,1.0
58_visual,1.0,,,,1.0,1.0,1.0,1.0
580_audio,1.0,1.0,,,1.0,1.0,1.0,1.0
580_visual,1.0,,,,1.0,1.0,1.0,1.0
581_audio,1.0,1.0,,,1.0,1.0,1.0,1.0
581_visual,1.0,,,,1.0,1.0,1.0,1.0
582_audio,1.0,1.0,,,1.0,1.0,1.0,1.0
582_visual,1.0,,,,1.0,1.0,1.0,1.0
583_audio,1.0,1.0,,,1.0,1.0,1.0,1.0
583_visual,1.0,,,,1.0,1.0,1.0,1.0
584_audio,1.0,1.0,,,1.0,1.0,1.0,1.0
584_visual,1.0,,,,1.0,1.0,1.0,1.0
585_audio,1.0,1.0,,,1.0,1.0,1.0,1.0
585_visual,1.0,,,,1.0,1.0,1.0,1.0
586_audio,1.0,1.0,,,1.0,1.0,1.0,1.0
586_visual,1.0,,,,1.0,1.0,1.0,1.0
587_audio,1.0,1.0,,,1.0,1.0,1.0,1.0
587_visual,1.0,,,,1.0,1.0,1.0,1.0
588_audio,1.0,1.0,,,1.0,1.0,1.0,1.0
588_visual,1.0,,,,1.0,1.0,1.0,1.0
589_audio,1.0,1.0,,,1.0,1.0,1.0,1.0
589_visual,1.0,,,,1.0,1.0,1.0,1.0
59_audio,1.0,1.0,,,1.0,1.0,1.0,1.0
59_visual,1.0,,,,1.0,1.0,1.0,1.0
590_audio,1.0,1.0,,,1.0,1.0,1.0,1.0
590_visual,1.0,,,,1.0,1.0,1.0,1.0
591_audio,1.0,1.0,,,1.0,1.0,1.0,1.0
591_visual,1.0,,,,1.0,1.0,1.0,1.0
592_audio,1.0,1.0,,,1.0,1.0,1.0,1.0
592_visual,1.0,,,,1.0,1.0,1.0,1.0
593_audio,1.0,1.0,,,1.0,1.0,1.0,1.0
593_visual,1.0,,,,1.0,1.0,1.0,1.0
594_audio,1.0,1.0,,,1.0,1.0,1.0,1.0
594_visual,1.0,,,,1.0,1.0,1.0,1.0
595_audio,1.0,1.0,,,1.0,1.0,1.0,1.0
595_visual,1.0,,,,1.0,1.0,1.0,1.0
596_audio,1.0,1.0,,,1.0,1.0,1.0,1.0
596_visual,1.0,,,,1.0,1.0,1.0,1.0
597_audio,1.0,1.0,,,1.0,1.0,1.0,1.0
597_visual,1.0,,,,1.0,1.0,1.0,1.0
598_audio,1.0,1.0,,,1.0,1.0,1.0,1.0
598_visual,1.0,,,,1.0,1.0,1.0,1.0
599_audio,1.0,1.0,,,1.0,1.0,1.0,1.0
599_visual,1.0,,,,1.0,1.0,1.0,1.0
6_audio,1.0,1.0,,,1.0,1.0,1.0,1.0
6_visual,1.0,,,,1.0,1.0,1.0,1.0
60_audio,1.0,1.0,,,1.0,1.0,1.0,1.0
60_visual,1.0,,,,1.0,1.0,1.0,1.0
600_audio,1.0,1.0,,,1.0,1.0,1.0,1.0
600_visual,1.0,,,,1.0,1.0,1.0,1.0
601_audio,1.0,1.0,,,1.0,1.0,1.0,1.0
601_visual,1.0,,,,1.0,1.0,1.0,1.0
602_audio,1.0,1.0,,,1.0,1.0,1.0,1.0
602_visual,1.0,,,,1.0,1.0,1.0,1.0
603_audio,1.0,1.0,,,1.0,1.0,1.0,1.0
603_visual,1.0,,,,1.0,1.0,1.0,1.0
604_audio,1.0,1.0,,,1.0,1.0,1.0,1.0
604_visual,1.0,,,,1.0,1.0,1.0,1.0
605_audio,1.0,1.0,,,1.0,1.0,1.0,1.0
605_visual,1.0,,,,1.0,1.0,1.0,1.0
606_audio,1.0,1.0,,,1.0,1.0,1.0,1.0
606_visual,1.0,,,,1.0,1.0,1.0,1.0
607_audio,1.0,1.0,,,1.0,1.0,1.0,1.0
607_visual,1.0,,,,1.0,1.0,1.0,1.0
608_audio,1.0,1.0,,,1.0,1.0,1.0,1.0
608_visual,1.0,,,,1.0,1.0,1.0,1.0
609_audio,1.0,1.0,,,1.0,1.0,1.0,1.0
609_visual,1.0,,,,1.0,1.0,1.0,1.0
61_audio,1.0,1.0,,,1.0,1.0,1.0,1.0
61_visual,1.0,,,,1.0,1.0,1.0,1.0
610_audio,1.0,1.0,,,1.0,1.0,1.0,1.0
610_visual,1.0,,,,1.0,1.0,1.0,1.0
611_audio,1.0,1.0,,,1.0,1.0,1.0,1.0
611_visual,1.0,,,,1.0,1.0,1.0,1.0
612_audio,1.0,1.0,,,1.0,1.0,1.0,1.0
612_visual,1.0,,,,1.0,1.0,1.0,1.0
613_audio,1.0,1.0,,,1.0,1.0,1.0,1.0
613_visual,1.0,,,,1.0,1.0,1.0,1.0
614_audio,1.0,1.0,,,1.0,1.0,1.0,1.0
614_visual,1.0,,,,1.0,1.0,1.0,1.0
615_audio,1.0,1.0,,,1.0,1.0,1.0,1.0
615_visual,1.0,,,,1.0,1.0,1.0,1.0
616_audio,1.0,1.0,,,1.0,1.0,1.0,1.0
616_visual,1.0,,,,1.0,1.0,1.0,1.0
617_audio,1.0,1.0,,,1.0,1.0,1.0,1.0
617_visual,1.0,,,,1.0,1.0,1.0,1.0
618_audio,1.0,1.0,,,1.0,1.0,1.0,1.0
618_visual,1.0,,,,1.0,1.0,1.0,1.0
619_audio,1.0,1.0,,,1.0,1.0,1.0,1.0
619_visual,1.0,,,,1.0,1.0,1.0,1.0
62_audio,1.0,1.0,,,1.0,1.0,1.0,1.0
62_visual,1.0,,,,1.0,1.0,1.0,1.0
620_audio,1.0,1.0,,,1.0,1.0,1.0,1.0
620_visual,1.0,,,,1.0,1.0,1.0,1.0
621_audio,1.0,1.0,,,1.0,1.0,1.0,1.0
621_visual,1.0,,,,1.0,1.0,1.0,1.0
622_audio,1.0,1.0,,,1.0,1.0,1.0,1.0
622_visual,1.0,,,,1.0,1.0,1.0,1.0
623_audio,1.0,1.0,,,1.0,1.0,1.0,1.0
623_visual,1.0,,,,1.0,1.0,1.0,1.0
624_audio,1.0,1.0,,,1.0,1.0,1.0,1.0
624_visual,1.0,,,,1.0,1.0,1.0,1.0
625_audio,1.0,1.0,,,1.0,1.0,1.0,1.0
625_visual,1.0,,,,1.0,1.0,1.0,1.0
626_audio,1.0,1.0,,,1.0,1.0,1.0,1.0
626_visual,1.0,,,,1.0,1.0,1.0,1.0
627_audio,1.0,1.0,,,1.0,1.0,1.0,1.0
627_visual,1.0,,,,1.0,1.0,1.0,1.0
628_audio,1.0,1.0,,,1.0,1.0,1.0,1.0
628_visual,1.0,,,,1.0,1.0,1.0,1.0
629_audio,1.0,1.0,,,1.0,1.0,1.0,1.0
629_visual,1.0,,,,1.0,1.0,1.0,1.0
63_audio,1.0,1.0,,,1.0,1.0,1.0,1.0
63_visual,1.0,,,,1.0,1.0,1.0,1.0
630_audio,1.0,1.0,,,1.0,1.0,1.0,1.0
630_visual,1.0,,,,1.0,1.0,1.0,1.0
631_audio,1.0,1.0,,,1.0,1.0,1.0,1.0
631_visual,1.0,,,,1.0,1.0,1.0,1.0
632_audio,1.0,1.0,,,1.0,1.0,1.0,1.0
632_visual,1.0,,,,1.0,1.0,1.0,1.0
633_audio,1.0,1.0,,,1.0,1.0,1.0,1.0
633_visual,1.0,,,,1.0,1.0,1.0,1.0
634_audio,1.0,1.0,,,1.0,1.0,1.0,1.0
634_visual,1.0,,,,1.0,1.0,1.0,1.0
635_audio,1.0,1.0,,,1.0,1.0,1.0,1.0
635_visual,1.0,,,,1.0,1.0,1.0,1.0
636_audio,1.0,1.0,,,1.0,1.0,1.0,1.0
636_visual,1.0,,,,1.0,1.0,1.0,1.0
637_audio,1.0,1.0,,,1.0,1.0,1.0,1.0
637_visual,1.0,,,,1.0,1.0,1.0,1.0
638_audio,1.0,1.0,,,1.0,1.0,1.0,1.0
638_visual,1.0,,,,1.0,1.0,1.0,1.0
639_audio,1.0,1.0,,,1.0,1.0,1.0,1.0
639_visual,1.0,,,,1.0,1.0,1.0,1.0
64_audio,1.0,1.0,,,1.0,1.0,1.0,1.0
64_visual,1.0,,,,1.0,1.0,1.0,1.0
640_audio,1.0,1.0,,,1.0,1.0,1.0,1.0
640_visual,1.0,,,,1.0,1.0,1.0,1.0
641_audio,1.0,1.0,,,1.0,1.0,1.0,1.0
641_visual,1.0,,,,1.0,1.0,1.0,1.0
642_audio,1.0,1.0,,,1.0,1.0,1.0,1.0
642_visual,1.0,,,,1.0,1.0,1.0,1.0
643_audio,1.0,1.0,,,1.0,1.0,1.0,1.0
643_visual,1.0,,,,1.0,1.0,1.0,1.0
644_audio,1.0,1.0,,,1.0,1.0,1.0,1.0
644_visual,1.0,,,,1.0,1.0,1.0,1.0
645_audio,1.0,1.0,,,1.0,1.0,1.0,1.0
645_visual,1.0,,,,1.0,1.0,1.0,1.0
646_audio,1.0,1.0,,,1.0,1.0,1.0,1.0
646_visual,1.0,,,,1.0,1.0,1.0,1.0
647_audio,1.0,1.0,,,1.0,1.0,1.0,1.0
647_visual,1.0,,,,1.0,1.0,1.0,1.0
648_audio,1.0,1.0,,,1.0,1.0,1.0,1.0
648_visual,1.0,,,,1.0,1.0,1.0,1.0
649_audio,1.0,1.0,,,1.0,1.0,1.0,1.0
649_visual,1.0,,,,1.0,1.0,1.0,1.0
65_audio,1.0,1.0,,,1.0,1.0,1.0,1.0
65_visual,1.0,,,,1.0,1.0,1.0,1.0
650_audio,1.0,1.0,,,1.0,1.0,1.0,1.0
650_visual,1.0,,,,1.0,1.0,1.0,1.0
651_audio,1.0,1.0,,,1.0,1.0,1.0,1.0
651_visual,1.0,,,,1.0,1.0,1.0,1.0
652_audio,1.0,1.0,,,1.0,1.0,1.0,1.0
652_visual,1.0,,,,1.0,1.0,1.0,1.0
653_audio,1.0,1.0,,,1.0,1.0,1.0,1.0
653_visual,1.0,,,,1.0,1.0,1.0,1.0
654_audio,1.0,1.0,,,1.0,1.0,1.0,1.0
654_visual,1.0,,,,1.0,1.0,1.0,1.0
655_audio,1.0,1.0,,,1.0,1.0,1.0,1.0
655_visual,1.0,,,,1.0,1.0,1.0,1.0
656_audio,1.0,1.0,,,1.0,1.0,1.0,1.0
656_visual,1.0,,,,1.0,1.0,1.0,1.0
657_audio,1.0,1.0,,,1.0,1.0,1.0,1.0
657_visual,1.0,,,,1.0,1.0,1.0,1.0
658_audio,1.0,1.0,,,1.0,1.0,1.0,1.0
658_visual,1.0,,,,1.0,1.0,1.0,1.0
659_audio,1.0,1.0,,,1.0,1.0,1.0,1.0
659_visual,1.0,,,,1.0,1.0,1.0,1.0
66_audio,1.0,1.0,,,1.0,1.0,1.0,1.0
66_visual,1.0,,,,1.0,1.0,1.0,1.0
660_audio,1.0,1.0,,,1.0,1.0,1.0,1.0
660_visual,1.0,,,,1.0,1.0,1.0,1.0
661_audio,1.0,1.0,,,1.0,1.0,1.0,1.0
661_visual,1.0,,,,1.0,1.0,1.0,1.0
662_audio,1.0,1.0,,,1.0,1.0,1.0,1.0
662_visual,1.0,,,,1.0,1.0,1.0,1.0
663_audio,1.0,1.0,,,1.0,1.0,1.0,1.0
663_visual,1.0,,,,1.0,1.0,1.0,1.0
664_audio,1.0,1.0,,,1.0,1.0,1.0,1.0
664_visual,1.0,,,,1.0,1.0,1.0,1.0
665_audio,1.0,1.0,,,1.0,1.0,1.0,1.0
665_visual,1.0,,,,1.0,1.0,1.0,1.0
666_audio,1.0,1.0,,,1.0,1.0,1.0,1.0
666_visual,1.0,,,,1.0,1.0,1.0,1.0
667_audio,1.0,1.0,,,1.0,1.0,1.0,1.0
667_visual,1.0,,,,1.0,1.0,1.0,1.0
668_audio,1.0,1.0,,,1.0,1.0,1.0,1.0
668_visual,1.0,,,,1.0,1.0,1.0,1.0
669_audio,1.0,1.0,,,1.0,1.0,1.0,1.0
669_visual,1.0,,,,1.0,1.0,1.0,1.0
67_audio,1.0,1.0,,,1.0,1.0,1.0,1.0
67_visual,1.0,,,,1.0,1.0,1.0,1.0
670_audio,1.0,1.0,,,1.0,1.0,1.0,1.0
670_visual,1.0,,,,1.0,1.0,1.0,1.0
671_audio,1.0,1.0,,,1.0,1.0,1.0,1.0
671_visual,1.0,,,,1.0,1.0,1.0,1.0
672_audio,1.0,1.0,,,1.0,1.0,1.0,1.0
672_visual,1.0,,,,1.0,1.0,1.0,1.0
673_audio,1.0,1.0,,,1.0,1.0,1.0,1.0
673_visual,1.0,,,,1.0,1.0,1.0,1.0
674_audio,1.0,1.0,,,1.0,1.0,1.0,1.0
674_visual,1.0,,,,1.0,1.0,1.0,1.0
675_audio,1.0,1.0,,,1.0,1.0,1.0,1.0
675_visual,1.0,,,,1.0,1.0,1.0,1.0
676_audio,1.0,1.0,,,1.0,1.0,1.0,1.0
676_visual,1.0,,,,1.0,1.0,1.0,1.0
677_audio,1.0,1.0,,,1.0,1.0,1.0,1.0
677_visual,1.0,,,,1.0,1.0,1.0,1.0
678_audio,1.0,1.0,,,1.0,1.0,1.0,1.0
678_visual,1.0,,,,1.0,1.0,1.0,1.0
679_audio,1.0,1.0,,,1.0,1.0,1.0,1.0
679_visual,1.0,,,,1.0,1.0,1.0,1.0
68_audio,1.0,1.0,,,1.0,1.0,1.0,1.0
68_visual,1.0,,,,1.0,1.0,1.0,1.0
680_audio,1.0,1.0,,,1.0,1.0,1.0,1.0
680_visual,1.0,,,,1.0,1.0,1.0,1.0
681_audio,1.0,1.0,,,1.0,1.0,1.0,1.0
681_visual,1.0,,,,1.0,1.0,1.0,1.0
682_audio,1.0,1.0,,,1.0,1.0,1.0,1.0
682_visual,1.0,,,,1.0,1.0,1.0,1.0
683_audio,1.0,1.0,,,1.0,1.0,1.0,1.0
683_visual,1.0,,,,1.0,1.0,1.0,1.0
684_audio,1.0,1.0,,,1.0,1.0,1.0,1.0
684_visual,1.0,,,,1.0,1.0,1.0,1.0
685_audio,1.0,1.0,,,1.0,1.0,1.0,1.0
685_visual,1.0,,,,1.0,1.0,1.0,1.0
686_audio,1.0,1.0,,,1.0,1.0,1.0,1.0
686_visual,1.0,,,,1.0,1.0,1.0,1.0
687_audio,1.0,1.0,,,1.0,1.0,1.0,1.0
687_visual,1.0,,,,1.0,1.0,1.0,1.0
688_audio,1.0,1.0,,,1.0,1.0,1.0,1.0
688_visual,1.0,,,,1.0,1.0,1.0,1.0
689_audio,1.0,1.0,,,1.0,1.0,1.0,1.0
689_visual,1.0,,,,1.0,1.0,1.0,1.0
69_audio,1.0,1.0,,,1.0,1.0,1.0,1.0
69_visual,1.0,,,,1.0,1.0,1.0,1.0
690_audio,1.0,1.0,,,1.0,1.0,1.0,1.0
690_visual,1.0,,,,1.0,1.0,1.0,1.0
691_audio,1.0,1.0,,,1.0,1.0,1.0,1.0
691_visual,1.0,,,,1.0,1.0,1.0,1.0
692_audio,1.0,1.0,,,1.0,1.0,1.0,1.0
692_visual,1.0,,,,1.0,1.0,1.0,1.0
693_audio,1.0,1.0,,,1.0,1.0,1.0,1.0
693_visual,1.0,,,,1.0,1.0,1.0,1.0
694_audio,1.0,1.0,,,1.0,1.0,1.0,1.0
694_visual,1.0,,,,1.0,1.0,1.0,1.0
695_audio,1.0,1.0,,,1.0,1.0,1.0,1.0
695_visual,1.0,,,,1.0,1.0,1.0,1.0
696_audio,1.0,1.0,,,1.0,1.0,1.0,1.0
696_visual,1.0,,,,1.0,1.0,1.0,1.0
697_audio,1.0,1.0,,,1.0,1.0,1.0,1.0
697_visual,1.0,,,,1.0,1.0,1.0,1.0
698_audio,1.0,1.0,,,1.0,1.0,1.0,1.0
698_visual,1.0,,,,1.0,1.0,1.0,1.0
699_audio,1.0,1.0,,,1.0,1.0,1.0,1.0
699_visual,1.0,,,,1.0,1.0,1.0,1.0
7_audio,1.0,1.0,,,1.0,1.0,1.0,1.0
7_visual,1.0,,,,1.0,1.0,1.0,1.0
70_audio,1.0,1.0,,,1.0,1.0,1.0,1.0
70_visual,1.0,,,,1.0,1.0,1.0,1.0
700_audio,1.0,1.0,,,1.0,1.0,1.0,1.0
700_visual,1.0,,,,1.0,1.0,1.0,1.0
701_audio,1.0,1.0,,,1.0,1.0,1.0,1.0
701_visual,1.0,,,,1.0,1.0,1.0,1.0
702_audio,1.0,1.0,,,1.0,1.0,1.0,1.0
702_visual,1.0,,,,1.0,1.0,1.0,1.0
703_audio,1.0,1.0,,,1.0,1.0,1.0,1.0
703_visual,1.0,,,,1.0,1.0,1.0,1.0
704_audio,1.0,1.0,,,1.0,1.0,1.0,1.0
704_visual,1.0,,,,1.0,1.0,1.0,1.0
705_audio,1.0,1.0,,,1.0,1.0,1.0,1.0
705_visual,1.0,,,,1.0,1.0,1.0,1.0
706_audio,1.0,1.0,,,1.0,1.0,1.0,1.0
706_visual,1.0,,,,1.0,1.0,1.0,1.0
707_audio,1.0,1.0,,,1.0,1.0,1.0,1.0
707_visual,1.0,,,,1.0,1.0,1.0,1.0
708_audio,1.0,1.0,,,1.0,1.0,1.0,1.0
708_visual,1.0,,,,1.0,1.0,1.0,1.0
709_audio,1.0,1.0,,,1.0,1.0,1.0,1.0
709_visual,1.0,,,,1.0,1.0,1.0,1.0
71_audio,1.0,1.0,,,1.0,1.0,1.0,1.0
71_visual,1.0,,,,1.0,1.0,1.0,1.0
710_audio,1.0,1.0,,,1.0,1.0,1.0,1.0
710_visual,1.0,,,,1.0,1.0,1.0,1.0
711_audio,1.0,1.0,,,1.0,1.0,1.0,1.0
711_visual,1.0,,,,1.0,1.0,1.0,1.0
712_audio,1.0,1.0,,,1.0,1.0,1.0,1.0
712_visual,1.0,,,,1.0,1.0,1.0,1.0
713_audio,1.0,1.0,,,1.0,1.0,1.0,1.0
713_visual,1.0,,,,1.0,1.0,1.0,1.0
714_audio,1.0,1.0,,,1.0,1.0,1.0,1.0
714_visual,1.0,,,,1.0,1.0,1.0,1.0
715_audio,1.0,1.0,,,1.0,1.0,1.0,1.0
715_visual,1.0,,,,1.0,1.0,1.0,1.0
716_audio,1.0,1.0,,,1.0,1.0,1.0,1.0
716_visual,1.0,,,,1.0,1.0,1.0,1.0
717_audio,1.0,1.0,,,1.0,1.0,1.0,1.0
717_visual,1.0,,,,1.0,1.0,1.0,1.0
718_audio,1.0,1.0,,,1.0,1.0,1.0,1.0
718_visual,1.0,,,,1.0,1.0,1.0,1.0
719_audio,1.0,1.0,,,1.0,1.0,1.0,1.0
719_visual,1.0,,,,1.0,1.0,1.0,1.0
72_audio,1.0,1.0,,,1.0,1.0,1.0,1.0
72_visual,1.0,,,,1.0,1.0,1.0,1.0
720_audio,1.0,1.0,,,1.0,1.0,1.0,1.0
720_visual,1.0,,,,1.0,1.0,1.0,1.0
721_audio,1.0,1.0,,,1.0,1.0,1.0,1.0
721_visual,1.0,,,,1.0,1.0,1.0,1.0
722_audio,1.0,1.0,,,1.0,1.0,1.0,1.0
722_visual,1.0,,,,1.0,1.0,1.0,1.0
723_audio,1.0,1.0,,,1.0,1.0,1.0,1.0
723_visual,1.0,,,,1.0,1.0,1.0,1.0
724_audio,1.0,1.0,,,1.0,1.0,1.0,1.0
724_visual,1.0,,,,1.0,1.0,1.0,1.0
725_audio,1.0,1.0,,,1.0,1.0,1.0,1.0
725_visual,1.0,,,,1.0,1.0,1.0,1.0
726_audio,1.0,1.0,,,1.0,1.0,1.0,1.0
726_visual,1.0,,,,1.0,1.0,1.0,1.0
727_audio,1.0,1.0,,,1.0,1.0,1.0,1.0
727_visual,1.0,,,,1.0,1.0,1.0,1.0
728_audio,1.0,1.0,,,1.0,1.0,1.0,1.0
728_visual,1.0,,,,1.0,1.0,1.0,1.0
729_audio,1.0,1.0,,,1.0,1.0,1.0,1.0
729_visual,1.0,,,,1.0,1.0,1.0,1.0
73_audio,1.0,1.0,,,1.0,1.0,1.0,1.0
73_visual,1.0,,,,1.0,1.0,1.0,1.0
730_audio,1.0,1.0,,,1.0,1.0,1.0,1.0
730_visual,1.0,,,,1.0,1.0,1.0,1.0
731_audio,1.0,1.0,,,1.0,1.0,1.0,1.0
731_visual,1.0,,,,1.0,1.0,1.0,1.0
732_audio,1.0,1.0,,,1.0,1.0,1.0,1.0
732_visual,1.0,,,,1.0,1.0,1.0,1.0
733_audio,1.0,1.0,,,1.0,1.0,1.0,1.0
733_visual,1.0,,,,1.0,1.0,1.0,1.0
734_audio,1.0,1.0,,,1.0,1.0,1.0,1.0
734_visual,1.0,,,,1.0,1.0,1.0,1.0
735_audio,1.0,1.0,,,1.0,1.0,1.0,1.0
735_visual,1.0,,,,1.0,1.0,1.0,1.0
736_audio,1.0,1.0,,,1.0,1.0,1.0,1.0
736_visual,1.0,,,,1.0,1.0,1.0,1.0
737_audio,1.0,1.0,,,1.0,1.0,1.0,1.0
737_visual,1.0,,,,1.0,1.0,1.0,1.0
738_audio,1.0,1.0,,,1.0,1.0,1.0,1.0
738_visual,1.0,,,,1.0,1.0,1.0,1.0
739_audio,1.0,1.0,,,1.0,1.0,1.0,1.0
739_visual,1.0,,,,1.0,1.0,1.0,1.0
74_audio,1.0,1.0,,,1.0,1.0,1.0,1.0
74_visual,1.0,,,,1.0,1.0,1.0,1.0
740_audio,1.0,1.0,,,1.0,1.0,1.0,1.0
740_visual,1.0,,,,1.0,1.0,1.0,1.0
741_audio,1.0,1.0,,,1.0,1.0,1.0,1.0
741_visual,1.0,,,,1.0,1.0,1.0,1.0
742_audio,1.0,1.0,,,1.0,1.0,1.0,1.0
742_visual,1.0,,,,1.0,1.0,1.0,1.0
743_audio,1.0,1.0,,,1.0,1.0,1.0,1.0
743_visual,1.0,,,,1.0,1.0,1.0,1.0
744_audio,1.0,1.0,,,1.0,1.0,1.0,1.0
744_visual,1.0,,,,1.0,1.0,1.0,1.0
745_audio,1.0,1.0,,,1.0,1.0,1.0,1.0
745_visual,1.0,,,,1.0,1.0,1.0,1.0
746_audio,1.0,1.0,,,1.0,1.0,1.0,1.0
746_visual,1.0,,,,1.0,1.0,1.0,1.0
747_audio,1.0,1.0,,,1.0,1.0,1.0,1.0
747_visual,1.0,,,,1.0,1.0,1.0,1.0
748_audio,1.0,1.0,,,1.0,1.0,1.0,1.0
748_visual,1.0,,,,1.0,1.0,1.0,1.0
749_audio,1.0,1.0,,,1.0,1.0,1.0,1.0
749_visual,1.0,,,,1.0,1.0,1.0,1.0
75_audio,1.0,1.0,,,1.0,1.0,1.0,1.0
75_visual,1.0,,,,1.0,1.0,1.0,1.0
750_audio,1.0,1.0,,,1.0,1.0,1.0,1.0
750_visual,1.0,,,,1.0,1.0,1.0,1.0
751_audio,1.0,1.0,,,1.0,1.0,1.0,1.0
751_visual,1.0,,,,1.0,1.0,1.0,1.0
752_audio,1.0,1.0,,,1.0,1.0,1.0,1.0
752_visual,1.0,,,,1.0,1.0,1.0,1.0
753_audio,1.0,1.0,,,1.0,1.0,1.0,1.0
753_visual,1.0,,,,1.0,1.0,1.0,1.0
754_audio,1.0,1.0,,,1.0,1.0,1.0,1.0
754_visual,1.0,,,,1.0,1.0,1.0,1.0
755_audio,1.0,1.0,,,1.0,1.0,1.0,1.0
755_visual,1.0,,,,1.0,1.0,1.0,1.0
756_audio,1.0,1.0,,,1.0,1.0,1.0,1.0
756_visual,1.0,,,,1.0,1.0,1.0,1.0
757_audio,1.0,1.0,,,1.0,1.0,1.0,1.0
757_visual,1.0,,,,1.0,1.0,1.0,1.0
758_audio,1.0,1.0,,,1.0,1.0,1.0,1.0
758_visual,1.0,,,,1.0,1.0,1.0,1.0
759_audio,1.0,1.0,,,1.0,1.0,1.0,1.0
759_visual,1.0,,,,1.0,1.0,1.0,1.0
76_audio,1.0,1.0,,,1.0,1.0,1.0,1.0
76_visual,1.0,,,,1.0,1.0,1.0,1.0
760_audio,1.0,1.0,,,1.0,1.0,1.0,1.0
760_visual,1.0,,,,1.0,1.0,1.0,1.0
761_audio,1.0,1.0,,,1.0,1.0,1.0,1.0
761_visual,1.0,,,,1.0,1.0,1.0,1.0
762_audio,1.0,1.0,,,1.0,1.0,1.0,1.0
762_visual,1.0,,,,1.0,1.0,1.0,1.0
763_audio,1.0,1.0,,,1.0,1.0,1.0,1.0
763_visual,1.0,,,,1.0,1.0,1.0,1.0
764_audio,1.0,1.0,,,1.0,1.0,1.0,1.0
764_visual,1.0,,,,1.0,1.0,1.0,1.0
765_audio,1.0,1.0,,,1.0,1.0,1.0,1.0
765_visual,1.0,,,,1.0,1.0,1.0,1.0
766_audio,1.0,1.0,,,1.0,1.0,1.0,1.0
766_visual,1.0,,,,1.0,1.0,1.0,1.0
767_audio,1.0,1.0,,,1.0,1.0,1.0,1.0
767_visual,1.0,,,,1.0,1.0,1.0,1.0
768_audio,1.0,1.0,,,1.0,1.0,1.0,1.0
768_visual,1.0,,,,1.0,1.0,1.0,1.0
769_audio,1.0,1.0,,,1.0,1.0,1.0,1.0
769_visual,1.0,,,,1.0,1.0,1.0,1.0
77_audio,1.0,1.0,,,1.0,1.0,1.0,1.0
77_visual,1.0,,,,1.0,1.0,1.0,1.0
770_audio,1.0,1.0,,,1.0,1.0,1.0,1.0
770_visual,1.0,,,,1.0,1.0,1.0,1.0
771_audio,1.0,1.0,,,1.0,1.0,1.0,1.0
771_visual,1.0,,,,1.0,1.0,1.0,1.0
772_audio,1.0,1.0,,,1.0,1.0,1.0,1.0
772_visual,1.0,,,,1.0,1.0,1.0,1.0
773_audio,1.0,1.0,,,1.0,1.0,1.0,1.0
773_visual,1.0,,,,1.0,1.0,1.0,1.0
774_audio,1.0,1.0,,,1.0,1.0,1.0,1.0
774_visual,1.0,,,,1.0,1.0,1.0,1.0
775_audio,1.0,1.0,,,1.0,1.0,1.0,1.0
775_visual,1.0,,,,1.0,1.0,1.0,1.0
776_audio,1.0,1.0,,,1.0,1.0,1.0,1.0
776_visual,1.0,,,,1.0,1.0,1.0,1.0
777_audio,1.0,1.0,,,1.0,1.0,1.0,1.0
777_visual,1.0,,,,1.0,1.0,1.0,1.0
778_audio,1.0,1.0,,,1.0,1.0,1.0,1.0
778_visual,1.0,,,,1.0,1.0,1.0,1.0
779_audio,1.0,1.0,,,1.0,1.0,1.0,1.0
779_visual,1.0,,,,1.0,1.0,1.0,1.0
78_audio,1.0,1.0,,,1.0,1.0,1.0,1.0
78_visual,1.0,,,,1.0,1.0,1.0,1.0
780_audio,1.0,1.0,,,1.0,1.0,1.0,1.0
780_visual,1.0,,,,1.0,1.0,1.0,1.0
781_audio,1.0,1.0,,,1.0,1.0,1.0,1.0
781_visual,1.0,,,,1.0,1.0,1.0,1.0
782_audio,1.0,1.0,,,1.0,1.0,1.0,1.0
782_visual,1.0,,,,1.0,1.0,1.0,1.0
783_audio,1.0,1.0,,,1.0,1.0,1.0,1.0
783_visual,1.0,,,,1.0,1.0,1.0,1.0
784_audio,1.0,1.0,,,1.0,1.0,1.0,1.0
784_visual,1.0,,,,1.0,1.0,1.0,1.0
785_audio,1.0,1.0,,,1.0,1.0,1.0,1.0
785_visual,1.0,,,,1.0,1.0,1.0,1.0
786_audio,1.0,1.0,,,1.0,1.0,1.0,1.0
786_visual,1.0,,,,1.0,1.0,1.0,1.0
787_audio,1.0,1.0,,,1.0,1.0,1.0,1.0
787_visual,1.0,,,,1.0,1.0,1.0,1.0
788_audio,1.0,1.0,,,1.0,1.0,1.0,1.0
788_visual,1.0,,,,1.0,1.0,1.0,1.0
789_audio,1.0,1.0,,,1.0,1.0,1.0,1.0
789_visual,1.0,,,,1.0,1.0,1.0,1.0
79_audio,1.0,1.0,,,1.0,1.0,1.0,1.0
79_visual,1.0,,,,1.0,1.0,1.0,1.0
790_audio,1.0,1.0,,,1.0,1.0,1.0,1.0
790_visual,1.0,,,,1.0,1.0,1.0,1.0
791_audio,1.0,1.0,,,1.0,1.0,1.0,1.0
791_visual,1.0,,,,1.0,1.0,1.0,1.0
792_audio,1.0,1.0,,,1.0,1.0,1.0,1.0
792_visual,1.0,,,,1.0,1.0,1.0,1.0
793_audio,1.0,1.0,,,1.0,1.0,1.0,1.0
793_visual,1.0,,,,1.0,1.0,1.0,1.0
794_audio,1.0,1.0,,,1.0,1.0,1.0,1.0
794_visual,1.0,,,,1.0,1.0,1.0,1.0
795_audio,1.0,1.0,,,1.0,1.0,1.0,1.0
795_visual,1.0,,,,1.0,1.0,1.0,1.0
796_audio,1.0,1.0,,,1.0,1.0,1.0,1.0
796_visual,1.0,,,,1.0,1.0,1.0,1.0
797_audio,1.0,1.0,,,1.0,1.0,1.0,1.0
797_visual,1.0,,,,1.0,1.0,1.0,1.0
798_audio,1.0,1.0,,,1.0,1.0,1.0,1.0
798_visual,1.0,,,,1.0,1.0,1.0,1.0
799_audio,1.0,1.0,,,1.0,1.0,1.0,1.0
799_visual,1.0,,,,1.0,1.0,1.0,1.0
8_audio,1.0,1.0,,,1.0,1.0,1.0,1.0
8_visual,1.0,,,,1.0,1.0,1.0,1.0
80_audio,1.0,1.0,,,1.0,1.0,1.0,1.0
80_visual,1.0,,,,1.0,1.0,1.0,1.0
800_audio,1.0,1.0,,,1.0,1.0,1.0,1.0
800_visual,1.0,,,,1.0,1.0,1.0,1.0
801_audio,1.0,1.0,,,1.0,1.0,1.0,1.0
801_visual,1.0,,,,1.0,1.0,1.0,1.0
802_audio,1.0,1.0,,,1.0,1.0,1.0,1.0
802_visual,1.0,,,,1.0,1.0,1.0,1.0
803_audio,1.0,1.0,,,1.0,1.0,1.0,1.0
803_visual,1.0,,,,1.0,1.0,1.0,1.0
804_audio,1.0,1.0,,,1.0,1.0,1.0,1.0
804_visual,1.0,,,,1.0,1.0,1.0,1.0
805_audio,1.0,1.0,,,1.0,1.0,1.0,1.0
805_visual,1.0,,,,1.0,1.0,1.0,1.0
806_audio,1.0,1.0,,,1.0,1.0,1.0,1.0
806_visual,1.0,,,,1.0,1.0,1.0,1.0
807_audio,1.0,1.0,,,1.0,1.0,1.0,1.0
807_visual,1.0,,,,1.0,1.0,1.0,1.0
808_audio,1.0,1.0,,,1.0,1.0,1.0,1.0
808_visual,1.0,,,,1.0,1.0,1.0,1.0
809_audio,1.0,1.0,,,1.0,1.0,1.0,1.0
809_visual,1.0,,,,1.0,1.0,1.0,1.0
81_audio,1.0,1.0,,,1.0,1.0,1.0,1.0
81_visual,1.0,,,,1.0,1.0,1.0,1.0
810_audio,1.0,1.0,,,1.0,1.0,1.0,1.0
810_visual,1.0,,,,1.0,1.0,1.0,1.0
811_audio,1.0,1.0,,,1.0,1.0,1.0,1.0
811_visual,1.0,,,,1.0,1.0,1.0,1.0
812_audio,1.0,1.0,,,1.0,1.0,1.0,1.0
812_visual,1.0,,,,1.0,1.0,1.0,1.0
813_audio,1.0,1.0,,,1.0,1.0,1.0,1.0
813_visual,1.0,,,,1.0,1.0,1.0,1.0
814_audio,1.0,1.0,,,1.0,1.0,1.0,1.0
814_visual,1.0,,,,1.0,1.0,1.0,1.0
815_audio,1.0,1.0,,,1.0,1.0,1.0,1.0
815_visual,1.0,,,,1.0,1.0,1.0,1.0
816_audio,1.0,1.0,,,1.0,1.0,1.0,1.0
816_visual,1.0,,,,1.0,1.0,1.0,1.0
817_audio,1.0,1.0,,,1.0,1.0,1.0,1.0
817_visual,1.0,,,,1.0,1.0,1.0,1.0
818_audio,1.0,1.0,,,1.0,1.0,1.0,1.0
818_visual,1.0,,,,1.0,1.0,1.0,1.0
819_audio,1.0,1.0,,,1.0,1.0,1.0,1.0
819_visual,1.0,,,,1.0,1.0,1.0,1.0
82_audio,1.0,1.0,,,1.0,1.0,1.0,1.0
82_visual,1.0,,,,1.0,1.0,1.0,1.0
820_audio,1.0,1.0,,,1.0,1.0,1.0,1.0
820_visual,1.0,,,,1.0,1.0,1.0,1.0
821_audio,1.0,1.0,,,1.0,1.0,1.0,1.0
821_visual,1.0,,,,1.0,1.0,1.0,1.0
822_audio,1.0,1.0,,,1.0,1.0,1.0,1.0
822_visual,1.0,,,,1.0,1.0,1.0,1.0
823_audio,1.0,1.0,,,1.0,1.0,1.0,1.0
823_visual,1.0,,,,1.0,1.0,1.0,1.0
824_audio,1.0,1.0,,,1.0,1.0,1.0,1.0
824_visual,1.0,,,,1.0,1.0,1.0,1.0
825_audio,1.0,1.0,,,1.0,1.0,1.0,1.0
825_visual,1.0,,,,1.0,1.0,1.0,1.0
826_audio,1.0,1.0,,,1.0,1.0,1.0,1.0
826_visual,1.0,,,,1.0,1.0,1.0,1.0
827_audio,1.0,1.0,,,1.0,1.0,1.0,1.0
827_visual,1.0,,,,1.0,1.0,1.0,1.0
828_audio,1.0,1.0,,,1.0,1.0,1.0,1.0
828_visual,1.0,,,,1.0,1.0,1.0,1.0
829_audio,1.0,1.0,,,1.0,1.0,1.0,1.0
829_visual,1.0,,,,1.0,1.0,1.0,1.0
83_audio,1.0,1.0,,,1.0,1.0,1.0,1.0
83_visual,1.0,,,,1.0,1.0,1.0,1.0
830_audio,1.0,1.0,,,1.0,1.0,1.0,1.0
830_visual,1.0,,,,1.0,1.0,1.0,1.0
831_audio,1.0,1.0,,,1.0,1.0,1.0,1.0
831_visual,1.0,,,,1.0,1.0,1.0,1.0
832_audio,1.0,1.0,,,1.0,1.0,1.0,1.0
832_visual,1.0,,,,1.0,1.0,1.0,1.0
833_audio,1.0,1.0,,,1.0,1.0,1.0,1.0
833_visual,1.0,,,,1.0,1.0,1.0,1.0
834_audio,1.0,1.0,,,1.0,1.0,1.0,1.0
834_visual,1.0,,,,1.0,1.0,1.0,1.0
835_audio,1.0,1.0,,,1.0,1.0,1.0,1.0
835_visual,1.0,,,,1.0,1.0,1.0,1.0
836_audio,1.0,1.0,,,1.0,1.0,1.0,1.0
836_visual,1.0,,,,1.0,1.0,1.0,1.0
837_audio,1.0,1.0,,,1.0,1.0,1.0,1.0
837_visual,1.0,,,,1.0,1.0,1.0,1.0
838_audio,1.0,1.0,,,1.0,1.0,1.0,1.0
838_visual,1.0,,,,1.0,1.0,1.0,1.0
839_audio,1.0,1.0,,,1.0,1.0,1.0,1.0
839_visual,1.0,,,,1.0,1.0,1.0,1.0
84_audio,1.0,1.0,,,1.0,1.0,1.0,1.0
84_visual,1.0,,,,1.0,1.0,1.0,1.0
840_audio,1.0,1.0,,,1.0,1.0,1.0,1.0
840_visual,1.0,,,,1.0,1.0,1.0,1.0
841_audio,1.0,1.0,,,1.0,1.0,1.0,1.0
841_visual,1.0,,,,1.0,1.0,1.0,1.0
842_audio,1.0,1.0,,,1.0,1.0,1.0,1.0
842_visual,1.0,,,,1.0,1.0,1.0,1.0
843_audio,1.0,1.0,,,1.0,1.0,1.0,1.0
843_visual,1.0,,,,1.0,1.0,1.0,1.0
844_audio,1.0,1.0,,,1.0,1.0,1.0,1.0
844_visual,1.0,,,,1.0,1.0,1.0,1.0
845_audio,1.0,1.0,,,1.0,1.0,1.0,1.0
845_visual,1.0,,,,1.0,1.0,1.0,1.0
846_audio,1.0,1.0,,,1.0,1.0,1.0,1.0
846_visual,1.0,,,,1.0,1.0,1.0,1.0
847_audio,1.0,1.0,,,1.0,1.0,1.0,1.0
847_visual,1.0,,,,1.0,1.0,1.0,1.0
848_audio,1.0,1.0,,,1.0,1.0,1.0,1.0
848_visual,1.0,,,,1.0,1.0,1.0,1.0
849_audio,1.0,1.0,,,1.0,1.0,1.0,1.0
849_visual,1.0,,,,1.0,1.0,1.0,1.0
85_audio,1.0,1.0,,,1.0,1.0,1.0,1.0
85_visual,1.0,,,,1.0,1.0,1.0,1.0
850_audio,1.0,1.0,,,1.0,1.0,1.0,1.0
850_visual,1.0,,,,1.0,1.0,1.0,1.0
851_audio,1.0,1.0,,,1.0,1.0,1.0,1.0
851_visual,1.0,,,,1.0,1.0,1.0,1.0
852_audio,1.0,1.0,,,1.0,1.0,1.0,1.0
852_visual,1.0,,,,1.0,1.0,1.0,1.0
853_audio,1.0,1.0,,,1.0,1.0,1.0,1.0
853_visual,1.0,,,,1.0,1.0,1.0,1.0
854_audio,1.0,1.0,,,1.0,1.0,1.0,1.0
854_visual,1.0,,,,1.0,1.0,1.0,1.0
855_audio,1.0,1.0,,,1.0,1.0,1.0,1.0
855_visual,1.0,,,,1.0,1.0,1.0,1.0
856_audio,1.0,1.0,,,1.0,1.0,1.0,1.0
856_visual,1.0,,,,1.0,1.0,1.0,1.0
857_audio,1.0,1.0,,,1.0,1.0,1.0,1.0
857_visual,1.0,,,,1.0,1.0,1.0,1.0
858_audio,1.0,1.0,,,1.0,1.0,1.0,1.0
858_visual,1.0,,,,1.0,1.0,1.0,1.0
859_audio,1.0,1.0,,,1.0,1.0,1.0,1.0
859_visual,1.0,,,,1.0,1.0,1.0,1.0
86_audio,1.0,1.0,,,1.0,1.0,1.0,1.0
86_visual,1.0,,,,1.0,1.0,1.0,1.0
860_audio,1.0,1.0,,,1.0,1.0,1.0,1.0
860_visual,1.0,,,,1.0,1.0,1.0,1.0
861_audio,1.0,1.0,,,1.0,1.0,1.0,1.0
861_visual,1.0,,,,1.0,1.0,1.0,1.0
862_audio,1.0,1.0,,,1.0,1.0,1.0,1.0
862_visual,1.0,,,,1.0,1.0,1.0,1.0
863_audio,1.0,1.0,,,1.0,1.0,1.0,1.0
863_visual,1.0,,,,1.0,1.0,1.0,1.0
864_audio,1.0,1.0,,,1.0,1.0,1.0,1.0
864_visual,1.0,,,,1.0,1.0,1.0,1.0
865_audio,1.0,1.0,,,1.0,1.0,1.0,1.0
865_visual,1.0,,,,1.0,1.0,1.0,1.0
866_audio,1.0,1.0,,,1.0,1.0,1.0,1.0
866_visual,1.0,,,,1.0,1.0,1.0,1.0
867_audio,1.0,1.0,,,1.0,1.0,1.0,1.0
867_visual,1.0,,,,1.0,1.0,1.0,1.0
868_audio,1.0,1.0,,,1.0,1.0,1.0,1.0
868_visual,1.0,,,,1.0,1.0,1.0,1.0
869_audio,1.0,1.0,,,1.0,1.0,1.0,1.0
869_visual,1.0,,,,1.0,1.0,1.0,1.0
87_audio,1.0,1.0,,,1.0,1.0,1.0,1.0
87_visual,1.0,,,,1.0,1.0,1.0,1.0
870_audio,1.0,1.0,,,1.0,1.0,1.0,1.0
870_visual,1.0,,,,1.0,1.0,1.0,1.0
871_audio,1.0,1.0,,,1.0,1.0,1.0,1.0
871_visual,1.0,,,,1.0,1.0,1.0,1.0
872_audio,1.0,1.0,,,1.0,1.0,1.0,1.0
872_visual,1.0,,,,1.0,1.0,1.0,1.0
873_audio,1.0,1.0,,,1.0,1.0,1.0,1.0
873_visual,1.0,,,,1.0,1.0,1.0,1.0
874_audio,1.0,1.0,,,1.0,1.0,1.0,1.0
874_visual,1.0,,,,1.0,1.0,1.0,1.0
875_audio,1.0,1.0,,,1.0,1.0,1.0,1.0
875_visual,1.0,,,,1.0,1.0,1.0,1.0
876_audio,1.0,1.0,,,1.0,1.0,1.0,1.0
876_visual,1.0,,,,1.0,1.0,1.0,1.0
877_audio,1.0,1.0,,,1.0,1.0,1.0,1.0
877_visual,1.0,,,,1.0,1.0,1.0,1.0
878_audio,1.0,1.0,,,1.0,1.0,1.0,1.0
878_visual,1.0,,,,1.0,1.0,1.0,1.0
879_audio,1.0,1.0,,,1.0,1.0,1.0,1.0
879_visual,1.0,,,,1.0,1.0,1.0,1.0
88_audio,1.0,1.0,,,1.0,1.0,1.0,1.0
88_visual,1.0,,,,1.0,1.0,1.0,1.0
880_audio,1.0,1.0,,,1.0,1.0,1.0,1.0
880_visual,1.0,,,,1.0,1.0,1.0,1.0
881_audio,1.0,1.0,,,1.0,1.0,1.0,1.0
881_visual,1.0,,,,1.0,1.0,1.0,1.0
882_audio,1.0,1.0,,,1.0,1.0,1.0,1.0
882_visual,1.0,,,,1.0,1.0,1.0,1.0
883_audio,1.0,1.0,,,1.0,1.0,1.0,1.0
883_visual,1.0,,,,1.0,1.0,1.0,1.0
884_audio,1.0,1.0,,,1.0,1.0,1.0,1.0
884_visual,1.0,,,,1.0,1.0,1.0,1.0
885_audio,1.0,1.0,,,1.0,1.0,1.0,1.0
885_visual,1.0,,,,1.0,1.0,1.0,1.0
886_audio,1.0,1.0,,,1.0,1.0,1.0,1.0
886_visual,1.0,,,,1.0,1.0,1.0,1.0
887_audio,1.0,1.0,,,1.0,1.0,1.0,1.0
887_visual,1.0,,,,1.0,1.0,1.0,1.0
888_audio,1.0,1.0,,,1.0,1.0,1.0,1.0
888_visual,1.0,,,,1.0,1.0,1.0,1.0
889_audio,1.0,1.0,,,1.0,1.0,1.0,1.0
889_visual,1.0,,,,1.0,1.0,1.0,1.0
89_audio,1.0,1.0,,,1.0,1.0,1.0,1.0
89_visual,1.0,,,,1.0,1.0,1.0,1.0
890_audio,1.0,1.0,,,1.0,1.0,1.0,1.0
890_visual,1.0,,,,1.0,1.0,1.0,1.0
891_audio,1.0,1.0,,,1.0,1.0,1.0,1.0
891_visual,1.0,,,,1.0,1.0,1.0,1.0
892_audio,1.0,1.0,,,1.0,1.0,1.0,1.0
892_visual,1.0,,,,1.0,1.0,1.0,1.0
893_audio,1.0,1.0,,,1.0,1.0,1.0,1.0
893_visual,1.0,,,,1.0,1.0,1.0,1.0
894_audio,1.0,1.0,,,1.0,1.0,1.0,1.0
894_visual,1.0,,,,1.0,1.0,1.0,1.0
895_audio,1.0,1.0,,,1.0,1.0,1.0,1.0
895_visual,1.0,,,,1.0,1.0,1.0,1.0
896_audio,1.0,1.0,,,1.0,1.0,1.0,1.0
896_visual,1.0,,,,1.0,1.0,1.0,1.0
897_audio,1.0,1.0,,,1.0,1.0,1.0,1.0
897_visual,1.0,,,,1.0,1.0,1.0,1.0
898_audio,1.0,1.0,,,1.0,1.0,1.0,1.0
898_visual,1.0,,,,1.0,1.0,1.0,1.0
899_audio,1.0,1.0,,,1.0,1.0,1.0,1.0
899_visual,1.0,,,,1.0,1.0,1.0,1.0
9_audio,1.0,1.0,,,1.0,1.0,1.0,1.0
9_visual,1.0,,,,1.0,1.0,1.0,1.0
90_audio,1.0,1.0,,,1.0,1.0,1.0,1.0
90_visual,1.0,,,,1.0,1.0,1.0,1.0
900_audio,1.0,1.0,,,1.0,1.0,1.0,1.0
900_visual,1.0,,,,1.0,1.0,1.0,1.0
901_audio,1.0,1.0,,,1.0,1.0,1.0,1.0
901_visual,1.0,,,,1.0,1.0,1.0,1.0
902_audio,1.0,1.0,,,1.0,1.0,1.0,1.0
902_visual,1.0,,,,1.0,1.0,1.0,1.0
903_audio,1.0,1.0,,,1.0,1.0,1.0,1.0
903_visual,1.0,,,,1.0,1.0,1.0,1.0
904_audio,1.0,1.0,,,1.0,1.0,1.0,1.0
904_visual,1.0,,,,1.0,1.0,1.0,1.0
905_audio,1.0,1.0,,,1.0,1.0,1.0,1.0
905_visual,1.0,,,,1.0,1.0,1.0,1.0
906_audio,1.0,1.0,,,1.0,1.0,1.0,1.0
906_visual,1.0,,,,1.0,1.0,1.0,1.0
907_audio,1.0,1.0,,,1.0,1.0,1.0,1.0
907_visual,1.0,,,,1.0,1.0,1.0,1.0
908_audio,1.0,1.0,,,1.0,1.0,1.0,1.0
908_visual,1.0,,,,1.0,1.0,1.0,1.0
909_audio,1.0,1.0,,,1.0,1.0,1.0,1.0
909_visual,1.0,,,,1.0,1.0,1.0,1.0
91_audio,1.0,1.0,,,1.0,1.0,1.0,1.0
91_visual,1.0,,,,1.0,1.0,1.0,1.0
910_audio,1.0,1.0,,,1.0,1.0,1.0,1.0
910_visual,1.0,,,,1.0,1.0,1.0,1.0
911_audio,1.0,1.0,,,1.0,1.0,1.0,1.0
911_visual,1.0,,,,1.0,1.0,1.0,1.0
912_audio,1.0,1.0,,,1.0,1.0,1.0,1.0
912_visual,1.0,,,,1.0,1.0,1.0,1.0
913_audio,1.0,1.0,,,1.0,1.0,1.0,1.0
913_visual,1.0,,,,1.0,1.0,1.0,1.0
914_audio,1.0,1.0,,,1.0,1.0,1.0,1.0
914_visual,1.0,,,,1.0,1.0,1.0,1.0
915_audio,1.0,1.0,,,1.0,1.0,1.0,1.0
915_visual,1.0,,,,1.0,1.0,1.0,1.0
916_audio,1.0,1.0,,,1.0,1.0,1.0,1.0
916_visual,1.0,,,,1.0,1.0,1.0,1.0
917_audio,1.0,1.0,,,1.0,1.0,1.0,1.0
917_visual,1.0,,,,1.0,1.0,1.0,1.0
918_audio,1.0,1.0,,,1.0,1.0,1.0,1.0
918_visual,1.0,,,,1.0,1.0,1.0,1.0
919_audio,1.0,1.0,,,1.0,1.0,1.0,1.0
919_visual,1.0,,,,1.0,1.0,1.0,1.0
92_audio,1.0,1.0,,,1.0,1.0,1.0,1.0
92_visual,1.0,,,,1.0,1.0,1.0,1.0
920_audio,1.0,1.0,,,1.0,1.0,1.0,1.0
920_visual,1.0,,,,1.0,1.0,1.0,1.0
921_audio,1.0,1.0,,,1.0,1.0,1.0,1.0
921_visual,1.0,,,,1.0,1.0,1.0,1.0
922_audio,1.0,1.0,,,1.0,1.0,1.0,1.0
922_visual,1.0,,,,1.0,1.0,1.0,1.0
923_audio,1.0,1.0,,,1.0,1.0,1.0,1.0
923_visual,1.0,,,,1.0,1.0,1.0,1.0
924_audio,1.0,1.0,,,1.0,1.0,1.0,1.0
924_visual,1.0,,,,1.0,1.0,1.0,1.0
925_audio,1.0,1.0,,,1.0,1.0,1.0,1.0
925_visual,1.0,,,,1.0,1.0,1.0,1.0
926_audio,1.0,1.0,,,1.0,1.0,1.0,1.0
926_visual,1.0,,,,1.0,1.0,1.0,1.0
927_audio,1.0,1.0,,,1.0,1.0,1.0,1.0
927_visual,1.0,,,,1.0,1.0,1.0,1.0
928_audio,1.0,1.0,,,1.0,1.0,1.0,1.0
928_visual,1.0,,,,1.0,1.0,1.0,1.0
929_audio,1.0,1.0,,,1.0,1.0,1.0,1.0
929_visual,1.0,,,,1.0,1.0,1.0,1.0
93_audio,1.0,1.0,,,1.0,1.0,1.0,1.0
93_visual,1.0,,,,1.0,1.0,1.0,1.0
930_audio,1.0,1.0,,,1.0,1.0,1.0,1.0
930_visual,1.0,,,,1.0,1.0,1.0,1.0
931_audio,1.0,1.0,,,1.0,1.0,1.0,1.0
931_visual,1.0,,,,1.0,1.0,1.0,1.0
932_audio,1.0,1.0,,,1.0,1.0,1.0,1.0
932_visual,1.0,,,,1.0,1.0,1.0,1.0
933_audio,1.0,1.0,,,1.0,1.0,1.0,1.0
933_visual,1.0,,,,1.0,1.0,1.0,1.0
934_audio,1.0,1.0,,,1.0,1.0,1.0,1.0
934_visual,1.0,,,,1.0,1.0,1.0,1.0
935_audio,1.0,1.0,,,1.0,1.0,1.0,1.0
935_visual,1.0,,,,1.0,1.0,1.0,1.0
936_audio,1.0,1.0,,,1.0,1.0,1.0,1.0
936_visual,1.0,,,,1.0,1.0,1.0,1.0
937_audio,1.0,1.0,,,1.0,1.0,1.0,1.0
937_visual,1.0,,,,1.0,1.0,1.0,1.0
938_audio,1.0,1.0,,,1.0,1.0,1.0,1.0
938_visual,1.0,,,,1.0,1.0,1.0,1.0
939_audio,1.0,1.0,,,1.0,1.0,1.0,1.0
939_visual,1.0,,,,1.0,1.0,1.0,1.0
94_audio,1.0,1.0,,,1.0,1.0,1.0,1.0
94_visual,1.0,,,,1.0,1.0,1.0,1.0
940_audio,1.0,1.0,,,1.0,1.0,1.0,1.0
940_visual,1.0,,,,1.0,1.0,1.0,1.0
941_audio,1.0,1.0,,,1.0,1.0,1.0,1.0
941_visual,1.0,,,,1.0,1.0,1.0,1.0
942_audio,1.0,1.0,,,1.0,1.0,1.0,1.0
942_visual,1.0,,,,1.0,1.0,1.0,1.0
943_audio,1.0,1.0,,,1.0,1.0,1.0,1.0
943_visual,1.0,,,,1.0,1.0,1.0,1.0
944_audio,1.0,1.0,,,1.0,1.0,1.0,1.0
944_visual,1.0,,,,1.0,1.0,1.0,1.0
945_audio,1.0,1.0,,,1.0,1.0,1.0,1.0
945_visual,1.0,,,,1.0,1.0,1.0,1.0
946_audio,1.0,1.0,,,1.0,1.0,1.0,1.0
946_visual,1.0,,,,1.0,1.0,1.0,1.0
947_audio,1.0,1.0,,,1.0,1.0,1.0,1.0
947_visual,1.0,,,,1.0,1.0,1.0,1.0
948_audio,1.0,1.0,,,1.0,1.0,1.0,1.0
948_visual,1.0,,,,1.0,1.0,1.0,1.0
949_audio,1.0,1.0,,,1.0,1.0,1.0,1.0
949_visual,1.0,,,,1.0,1.0,1.0,1.0
95_audio,1.0,1.0,,,1.0,1.0,1.0,1.0
95_visual,1.0,,,,1.0,1.0,1.0,1.0
950_audio,1.0,1.0,,,1.0,1.0,1.0,1.0
950_visual,1.0,,,,1.0,1.0,1.0,1.0
951_audio,1.0,1.0,,,1.0,1.0,1.0,1.0
951_visual,1.0,,,,1.0,1.0,1.0,1.0
952_audio,1.0,1.0,,,1.0,1.0,1.0,1.0
952_visual,1.0,,,,1.0,1.0,1.0,1.0
953_audio,1.0,1.0,,,1.0,1.0,1.0,1.0
953_visual,1.0,,,,1.0,1.0,1.0,1.0
954_audio,1.0,1.0,,,1.0,1.0,1.0,1.0
954_visual,1.0,,,,1.0,1.0,1.0,1.0
955_audio,1.0,1.0,,,1.0,1.0,1.0,1.0
955_visual,1.0,,,,1.0,1.0,1.0,1.0
956_audio,1.0,1.0,,,1.0,1.0,1.0,1.0
956_visual,1.0,,,,1.0,1.0,1.0,1.0
957_audio,1.0,1.0,,,1.0,1.0,1.0,1.0
957_visual,1.0,,,,1.0,1.0,1.0,1.0
958_audio,1.0,1.0,,,1.0,1.0,1.0,1.0
958_visual,1.0,,,,1.0,1.0,1.0,1.0
959_audio,1.0,1.0,,,1.0,1.0,1.0,1.0
959_visual,1.0,,,,1.0,1.0,1.0,1.0
96_audio,1.0,1.0,,,1.0,1.0,1.0,1.0
96_visual,1.0,,,,1.0,1.0,1.0,1.0
960_audio,1.0,1.0,,,1.0,1.0,1.0,1.0
960_visual,1.0,,,,1.0,1.0,1.0,1.0
97_audio,1.0,1.0,,,1.0,1.0,1.0,1.0
97_visual,1.0,,,,1.0,1.0,1.0,1.0
98_audio,1.0,1.0,,,1.0,1.0,1.0,1.0
98_visual,1.0,,,,1.0,1.0,1.0,1.0
99_audio,1.0,1.0,,,1.0,1.0,1.0,1.0
99_visual,1.0,,,,1.0,1.0,1.0,1.0
