session_id,participant_id,dataset
300,300,daic_woz
301,301,daic_woz
302,302,daic_woz
303,303,daic_woz
305,305,daic_woz
306,306,daic_woz
307,307,daic_woz
308,308,daic_woz
309,309,daic_woz
310,310,daic_woz
311,311,daic_woz
312,312,daic_woz
313,313,daic_woz
314,314,daic_woz
315,315,daic_woz
316,316,daic_woz
317,317,daic_woz
318,318,daic_woz
319,319,daic_woz
320,320,daic_woz
321,321,daic_woz
322,322,daic_woz
323,323,daic_woz
324,324,daic_woz
325,325,daic_woz
326,326,daic_woz
327,327,daic_woz
328,328,daic_woz
329,329,daic_woz
330,330,daic_woz
331,331,daic_woz
332,332,daic_woz
333,333,daic_woz
334,334,daic_woz
335,335,daic_woz
336,336,daic_woz
337,337,daic_woz
338,338,daic_woz
339,339,daic_woz
340,340,daic_woz
341,341,daic_woz
343,343,daic_woz
344,344,daic_woz
345,345,daic_woz
346,346,daic_woz
347,347,daic_woz
348,348,daic_woz
349,349,daic_woz
350,350,daic_woz
351,351,daic_woz
352,352,daic_woz
353,353,daic_woz
354,354,daic_woz
355,355,daic_woz
356,356,daic_woz
357,357,daic_woz
358,358,daic_woz
359,359,daic_woz
360,360,daic_woz
361,361,daic_woz
362,362,daic_woz
363,363,daic_woz
364,364,daic_woz
365,365,daic_woz
366,366,daic_woz
367,367,daic_woz
368,368,daic_woz
369,369,daic_woz
370,370,daic_woz
371,371,daic_woz
372,372,daic_woz
373,373,daic_woz
374,374,daic_woz
375,375,daic_woz
376,376,daic_woz
377,377,daic_woz
378,378,daic_woz
379,379,daic_woz
380,380,daic_woz
381,381,daic_woz
382,382,daic_woz
383,383,daic_woz
384,384,daic_woz
385,385,daic_woz
386,386,daic_woz
387,387,daic_woz
388,388,daic_woz
389,389,daic_woz
390,390,daic_woz
391,391,daic_woz
392,392,daic_woz
393,393,daic_woz
395,395,daic_woz
397,397,daic_woz
399,399,daic_woz
400,400,daic_woz
401,401,daic_woz
402,402,daic_woz
403,403,daic_woz
404,404,daic_woz
405,405,daic_woz
406,406,daic_woz
407,407,daic_woz
408,408,daic_woz
409,409,daic_woz
410,410,daic_woz
411,411,daic_woz
412,412,daic_woz
413,413,daic_woz
414,414,daic_woz
415,415,daic_woz
416,416,daic_woz
417,417,daic_woz
418,418,daic_woz
419,419,daic_woz
420,420,daic_woz
421,421,daic_woz
422,422,daic_woz
423,423,daic_woz
424,424,daic_woz
425,425,daic_woz
426,426,daic_woz
427,427,daic_woz
428,428,daic_woz
429,429,daic_woz
430,430,daic_woz
431,431,daic_woz
432,432,daic_woz
433,433,daic_woz
434,434,daic_woz
435,435,daic_woz
436,436,daic_woz
437,437,daic_woz
438,438,daic_woz
439,439,daic_woz
441,441,daic_woz
442,442,daic_woz
443,443,daic_woz
444,444,daic_woz
445,445,daic_woz
446,446,daic_woz
447,447,daic_woz
448,448,daic_woz
449,449,daic_woz
450,450,daic_woz
451,451,daic_woz
452,452,daic_woz
453,453,daic_woz
454,454,daic_woz
455,455,daic_woz
456,456,daic_woz
457,457,daic_woz
458,458,daic_woz
459,459,daic_woz
461,461,daic_woz
462,462,daic_woz
463,463,daic_woz
464,464,daic_woz
465,465,daic_woz
466,466,daic_woz
467,467,daic_woz
468,468,daic_woz
469,469,daic_woz
470,470,daic_woz
471,471,daic_woz
472,472,daic_woz
473,473,daic_woz
474,474,daic_woz
475,475,daic_woz
476,476,daic_woz
477,477,daic_woz
478,478,daic_woz
479,479,daic_woz
480,480,daic_woz
481,481,daic_woz
482,482,daic_woz
483,483,daic_woz
484,484,daic_woz
485,485,daic_woz
486,486,daic_woz
487,487,daic_woz
488,488,daic_woz
489,489,daic_woz
490,490,daic_woz
491,491,daic_woz
492,492,daic_woz
0,0,dvlog
1,1,dvlog
10,10,dvlog
100,100,dvlog
101,101,dvlog
102,102,dvlog
103,103,dvlog
104,104,dvlog
105,105,dvlog
106,106,dvlog
107,107,dvlog
108,108,dvlog
109,109,dvlog
11,11,dvlog
110,110,dvlog
111,111,dvlog
112,112,dvlog
113,113,dvlog
114,114,dvlog
115,115,dvlog
116,116,dvlog
117,117,dvlog
118,118,dvlog
119,119,dvlog
12,12,dvlog
120,120,dvlog
121,121,dvlog
122,122,dvlog
123,123,dvlog
124,124,dvlog
125,125,dvlog
126,126,dvlog
127,127,dvlog
128,128,dvlog
129,129,dvlog
13,13,dvlog
130,130,dvlog
131,131,dvlog
132,132,dvlog
133,133,dvlog
134,134,dvlog
135,135,dvlog
136,136,dvlog
137,137,dvlog
138,138,dvlog
139,139,dvlog
14,14,dvlog
140,140,dvlog
141,141,dvlog
142,142,dvlog
143,143,dvlog
144,144,dvlog
145,145,dvlog
146,146,dvlog
147,147,dvlog
148,148,dvlog
149,149,dvlog
15,15,dvlog
150,150,dvlog
151,151,dvlog
152,152,dvlog
153,153,dvlog
154,154,dvlog
155,155,dvlog
156,156,dvlog
157,157,dvlog
158,158,dvlog
159,159,dvlog
16,16,dvlog
160,160,dvlog
161,161,dvlog
162,162,dvlog
163,163,dvlog
164,164,dvlog
165,165,dvlog
166,166,dvlog
167,167,dvlog
168,168,dvlog
169,169,dvlog
17,17,dvlog
170,170,dvlog
171,171,dvlog
172,172,dvlog
173,173,dvlog
174,174,dvlog
175,175,dvlog
176,176,dvlog
177,177,dvlog
178,178,dvlog
179,179,dvlog
18,18,dvlog
180,180,dvlog
181,181,dvlog
182,182,dvlog
183,183,dvlog
184,184,dvlog
185,185,dvlog
186,186,dvlog
187,187,dvlog
188,188,dvlog
189,189,dvlog
19,19,dvlog
190,190,dvlog
191,191,dvlog
192,192,dvlog
193,193,dvlog
194,194,dvlog
195,195,dvlog
196,196,dvlog
197,197,dvlog
198,198,dvlog
199,199,dvlog
2,2,dvlog
20,20,dvlog
200,200,dvlog
201,201,dvlog
202,202,dvlog
203,203,dvlog
204,204,dvlog
205,205,dvlog
206,206,dvlog
207,207,dvlog
208,208,dvlog
209,209,dvlog
21,21,dvlog
210,210,dvlog
211,211,dvlog
212,212,dvlog
213,213,dvlog
214,214,dvlog
215,215,dvlog
216,216,dvlog
217,217,dvlog
218,218,dvlog
219,219,dvlog
22,22,dvlog
220,220,dvlog
221,221,dvlog
222,222,dvlog
223,223,dvlog
224,224,dvlog
225,225,dvlog
226,226,dvlog
227,227,dvlog
228,228,dvlog
229,229,dvlog
23,23,dvlog
230,230,dvlog
231,231,dvlog
232,232,dvlog
233,233,dvlog
234,234,dvlog
235,235,dvlog
236,236,dvlog
237,237,dvlog
238,238,dvlog
239,239,dvlog
24,24,dvlog
240,240,dvlog
241,241,dvlog
242,242,dvlog
243,243,dvlog
244,244,dvlog
245,245,dvlog
246,246,dvlog
247,247,dvlog
248,248,dvlog
249,249,dvlog
25,25,dvlog
250,250,dvlog
251,251,dvlog
252,252,dvlog
253,253,dvlog
254,254,dvlog
255,255,dvlog
256,256,dvlog
257,257,dvlog
258,258,dvlog
259,259,dvlog
26,26,dvlog
260,260,dvlog
261,261,dvlog
262,262,dvlog
263,263,dvlog
264,264,dvlog
265,265,dvlog
266,266,dvlog
267,267,dvlog
268,268,dvlog
269,269,dvlog
27,27,dvlog
270,270,dvlog
271,271,dvlog
272,272,dvlog
273,273,dvlog
274,274,dvlog
275,275,dvlog
276,276,dvlog
277,277,dvlog
278,278,dvlog
279,279,dvlog
28,28,dvlog
280,280,dvlog
281,281,dvlog
282,282,dvlog
283,283,dvlog
284,284,dvlog
285,285,dvlog
286,286,dvlog
287,287,dvlog
288,288,dvlog
289,289,dvlog
29,29,dvlog
290,290,dvlog
291,291,dvlog
292,292,dvlog
293,293,dvlog
294,294,dvlog
295,295,dvlog
296,296,dvlog
297,297,dvlog
298,298,dvlog
299,299,dvlog
3,3,dvlog
30,30,dvlog
304,304,dvlog
31,31,dvlog
32,32,dvlog
33,33,dvlog
34,34,dvlog
342,342,dvlog
35,35,dvlog
36,36,dvlog
37,37,dvlog
38,38,dvlog
39,39,dvlog
394,394,dvlog
396,396,dvlog
398,398,dvlog
4,4,dvlog
40,40,dvlog
41,41,dvlog
42,42,dvlog
43,43,dvlog
44,44,dvlog
440,440,dvlog
45,45,dvlog
46,46,dvlog
460,460,dvlog
47,47,dvlog
48,48,dvlog
49,49,dvlog
493,493,dvlog
494,494,dvlog
495,495,dvlog
496,496,dvlog
497,497,dvlog
498,498,dvlog
499,499,dvlog
5,5,dvlog
50,50,dvlog
500,500,dvlog
501,501,dvlog
502,502,dvlog
503,503,dvlog
504,504,dvlog
505,505,dvlog
506,506,dvlog
507,507,dvlog
508,508,dvlog
509,509,dvlog
51,51,dvlog
510,510,dvlog
511,511,dvlog
512,512,dvlog
513,513,dvlog
514,514,dvlog
515,515,dvlog
516,516,dvlog
517,517,dvlog
518,518,dvlog
519,519,dvlog
52,52,dvlog
520,520,dvlog
521,521,dvlog
522,522,dvlog
523,523,dvlog
524,524,dvlog
525,525,dvlog
526,526,dvlog
527,527,dvlog
528,528,dvlog
529,529,dvlog
53,53,dvlog
530,530,dvlog
531,531,dvlog
532,532,dvlog
533,533,dvlog
534,534,dvlog
535,535,dvlog
536,536,dvlog
537,537,dvlog
538,538,dvlog
539,539,dvlog
54,54,dvlog
540,540,dvlog
541,541,dvlog
542,542,dvlog
543,543,dvlog
544,544,dvlog
545,545,dvlog
546,546,dvlog
547,547,dvlog
548,548,dvlog
549,549,dvlog
55,55,dvlog
550,550,dvlog
551,551,dvlog
552,552,dvlog
553,553,dvlog
554,554,dvlog
555,555,dvlog
556,556,dvlog
557,557,dvlog
558,558,dvlog
559,559,dvlog
56,56,dvlog
560,560,dvlog
561,561,dvlog
562,562,dvlog
563,563,dvlog
564,564,dvlog
565,565,dvlog
566,566,dvlog
567,567,dvlog
568,568,dvlog
569,569,dvlog
57,57,dvlog
570,570,dvlog
571,571,dvlog
572,572,dvlog
573,573,dvlog
574,574,dvlog
575,575,dvlog
576,576,dvlog
577,577,dvlog
578,578,dvlog
579,579,dvlog
58,58,dvlog
580,580,dvlog
581,581,dvlog
582,582,dvlog
583,583,dvlog
584,584,dvlog
585,585,dvlog
586,586,dvlog
587,587,dvlog
588,588,dvlog
589,589,dvlog
59,59,dvlog
590,590,dvlog
591,591,dvlog
592,592,dvlog
593,593,dvlog
594,594,dvlog
595,595,dvlog
596,596,dvlog
597,597,dvlog
598,598,dvlog
599,599,dvlog
6,6,dvlog
60,60,dvlog
600,600,dvlog
601,601,dvlog
602,602,dvlog
603,603,dvlog
604,604,dvlog
605,605,dvlog
606,606,dvlog
607,607,dvlog
608,608,dvlog
609,609,dvlog
61,61,dvlog
610,610,dvlog
611,611,dvlog
612,612,dvlog
613,613,dvlog
614,614,dvlog
615,615,dvlog
616,616,dvlog
617,617,dvlog
618,618,dvlog
619,619,dvlog
62,62,dvlog
620,620,dvlog
621,621,dvlog
622,622,dvlog
623,623,dvlog
624,624,dvlog
625,625,dvlog
626,626,dvlog
627,627,dvlog
628,628,dvlog
629,629,dvlog
63,63,dvlog
630,630,dvlog
631,631,dvlog
632,632,dvlog
633,633,dvlog
634,634,dvlog
635,635,dvlog
636,636,dvlog
637,637,dvlog
638,638,dvlog
639,639,dvlog
64,64,dvlog
640,640,dvlog
641,641,dvlog
642,642,dvlog
643,643,dvlog
644,644,dvlog
645,645,dvlog
646,646,dvlog
647,647,dvlog
648,648,dvlog
649,649,dvlog
65,65,dvlog
650,650,dvlog
651,651,dvlog
652,652,dvlog
653,653,dvlog
654,654,dvlog
655,655,dvlog
656,656,dvlog
657,657,dvlog
658,658,dvlog
659,659,dvlog
66,66,dvlog
660,660,dvlog
661,661,dvlog
662,662,dvlog
663,663,dvlog
664,664,dvlog
665,665,dvlog
666,666,dvlog
667,667,dvlog
668,668,dvlog
669,669,dvlog
67,67,dvlog
670,670,dvlog
671,671,dvlog
672,672,dvlog
673,673,dvlog
674,674,dvlog
675,675,dvlog
676,676,dvlog
677,677,dvlog
678,678,dvlog
679,679,dvlog
68,68,dvlog
680,680,dvlog
681,681,dvlog
682,682,dvlog
683,683,dvlog
684,684,dvlog
685,685,dvlog
686,686,dvlog
687,687,dvlog
688,688,dvlog
689,689,dvlog
69,69,dvlog
690,690,dvlog
691,691,dvlog
692,692,dvlog
693,693,dvlog
694,694,dvlog
695,695,dvlog
696,696,dvlog
697,697,dvlog
698,698,dvlog
699,699,dvlog
7,7,dvlog
70,70,dvlog
700,700,dvlog
701,701,dvlog
702,702,dvlog
703,703,dvlog
704,704,dvlog
705,705,dvlog
706,706,dvlog
707,707,dvlog
708,708,dvlog
709,709,dvlog
71,71,dvlog
710,710,dvlog
711,711,dvlog
712,712,dvlog
713,713,dvlog
714,714,dvlog
715,715,dvlog
716,716,dvlog
717,717,dvlog
718,718,dvlog
719,719,dvlog
72,72,dvlog
720,720,dvlog
721,721,dvlog
722,722,dvlog
723,723,dvlog
724,724,dvlog
725,725,dvlog
726,726,dvlog
727,727,dvlog
728,728,dvlog
729,729,dvlog
73,73,dvlog
730,730,dvlog
731,731,dvlog
732,732,dvlog
733,733,dvlog
734,734,dvlog
735,735,dvlog
736,736,dvlog
737,737,dvlog
738,738,dvlog
739,739,dvlog
74,74,dvlog
740,740,dvlog
741,741,dvlog
742,742,dvlog
743,743,dvlog
744,744,dvlog
745,745,dvlog
746,746,dvlog
747,747,dvlog
748,748,dvlog
749,749,dvlog
75,75,dvlog
750,750,dvlog
751,751,dvlog
752,752,dvlog
753,753,dvlog
754,754,dvlog
755,755,dvlog
756,756,dvlog
757,757,dvlog
758,758,dvlog
759,759,dvlog
76,76,dvlog
760,760,dvlog
761,761,dvlog
762,762,dvlog
763,763,dvlog
764,764,dvlog
765,765,dvlog
766,766,dvlog
767,767,dvlog
768,768,dvlog
769,769,dvlog
77,77,dvlog
770,770,dvlog
771,771,dvlog
772,772,dvlog
773,773,dvlog
774,774,dvlog
775,775,dvlog
776,776,dvlog
777,777,dvlog
778,778,dvlog
779,779,dvlog
78,78,dvlog
780,780,dvlog
781,781,dvlog
782,782,dvlog
783,783,dvlog
784,784,dvlog
785,785,dvlog
786,786,dvlog
787,787,dvlog
788,788,dvlog
789,789,dvlog
79,79,dvlog
790,790,dvlog
791,791,dvlog
792,792,dvlog
793,793,dvlog
794,794,dvlog
795,795,dvlog
796,796,dvlog
797,797,dvlog
798,798,dvlog
799,799,dvlog
8,8,dvlog
80,80,dvlog
800,800,dvlog
801,801,dvlog
802,802,dvlog
803,803,dvlog
804,804,dvlog
805,805,dvlog
806,806,dvlog
807,807,dvlog
808,808,dvlog
809,809,dvlog
81,81,dvlog
810,810,dvlog
811,811,dvlog
812,812,dvlog
813,813,dvlog
814,814,dvlog
815,815,dvlog
816,816,dvlog
817,817,dvlog
818,818,dvlog
819,819,dvlog
82,82,dvlog
820,820,dvlog
821,821,dvlog
822,822,dvlog
823,823,dvlog
824,824,dvlog
825,825,dvlog
826,826,dvlog
827,827,dvlog
828,828,dvlog
829,829,dvlog
83,83,dvlog
830,830,dvlog
831,831,dvlog
832,832,dvlog
833,833,dvlog
834,834,dvlog
835,835,dvlog
836,836,dvlog
837,837,dvlog
838,838,dvlog
839,839,dvlog
84,84,dvlog
840,840,dvlog
841,841,dvlog
842,842,dvlog
843,843,dvlog
844,844,dvlog
845,845,dvlog
846,846,dvlog
847,847,dvlog
848,848,dvlog
849,849,dvlog
85,85,dvlog
850,850,dvlog
851,851,dvlog
852,852,dvlog
853,853,dvlog
854,854,dvlog
855,855,dvlog
856,856,dvlog
857,857,dvlog
858,858,dvlog
859,859,dvlog
86,86,dvlog
860,860,dvlog
861,861,dvlog
862,862,dvlog
863,863,dvlog
864,864,dvlog
865,865,dvlog
866,866,dvlog
867,867,dvlog
868,868,dvlog
869,869,dvlog
87,87,dvlog
870,870,dvlog
871,871,dvlog
872,872,dvlog
873,873,dvlog
874,874,dvlog
875,875,dvlog
876,876,dvlog
877,877,dvlog
878,878,dvlog
879,879,dvlog
88,88,dvlog
880,880,dvlog
881,881,dvlog
882,882,dvlog
883,883,dvlog
884,884,dvlog
885,885,dvlog
886,886,dvlog
887,887,dvlog
888,888,dvlog
889,889,dvlog
89,89,dvlog
890,890,dvlog
891,891,dvlog
892,892,dvlog
893,893,dvlog
894,894,dvlog
895,895,dvlog
896,896,dvlog
897,897,dvlog
898,898,dvlog
899,899,dvlog
9,9,dvlog
90,90,dvlog
900,900,dvlog
901,901,dvlog
902,902,dvlog
903,903,dvlog
904,904,dvlog
905,905,dvlog
906,906,dvlog
907,907,dvlog
908,908,dvlog
909,909,dvlog
91,91,dvlog
910,910,dvlog
911,911,dvlog
912,912,dvlog
913,913,dvlog
914,914,dvlog
915,915,dvlog
916,916,dvlog
917,917,dvlog
918,918,dvlog
919,919,dvlog
92,92,dvlog
920,920,dvlog
921,921,dvlog
922,922,dvlog
923,923,dvlog
924,924,dvlog
925,925,dvlog
926,926,dvlog
927,927,dvlog
928,928,dvlog
929,929,dvlog
93,93,dvlog
930,930,dvlog
931,931,dvlog
932,932,dvlog
933,933,dvlog
934,934,dvlog
935,935,dvlog
936,936,dvlog
937,937,dvlog
938,938,dvlog
939,939,dvlog
94,94,dvlog
940,940,dvlog
941,941,dvlog
942,942,dvlog
943,943,dvlog
944,944,dvlog
945,945,dvlog
946,946,dvlog
947,947,dvlog
948,948,dvlog
949,949,dvlog
95,95,dvlog
950,950,dvlog
951,951,dvlog
952,952,dvlog
953,953,dvlog
954,954,dvlog
955,955,dvlog
956,956,dvlog
957,957,dvlog
958,958,dvlog
959,959,dvlog
96,96,dvlog
960,960,dvlog
97,97,dvlog
98,98,dvlog
99,99,dvlog
