participant_id,split,dataset
0,train,daic_woz
1,test,daic_woz
10,train,daic_woz
100,test,daic_woz
101,train,daic_woz
102,train,daic_woz
103,train,daic_woz
104,test,daic_woz
105,train,daic_woz
106,test,daic_woz
107,train,daic_woz
108,train,daic_woz
109,train,daic_woz
11,train,daic_woz
110,train,daic_woz
111,train,daic_woz
112,test,daic_woz
113,train,daic_woz
114,dev,daic_woz
115,test,daic_woz
116,train,daic_woz
117,train,daic_woz
118,train,daic_woz
119,dev,daic_woz
12,train,daic_woz
120,train,daic_woz
121,train,daic_woz
122,train,daic_woz
123,train,daic_woz
124,test,daic_woz
125,train,daic_woz
126,train,daic_woz
127,test,daic_woz
128,train,daic_woz
129,dev,daic_woz
13,train,daic_woz
130,train,daic_woz
131,train,daic_woz
132,dev,daic_woz
133,train,daic_woz
134,train,daic_woz
135,dev,daic_woz
136,test,daic_woz
137,train,daic_woz
138,train,daic_woz
139,train,daic_woz
14,test,daic_woz
140,test,daic_woz
141,test,daic_woz
142,test,daic_woz
143,train,daic_woz
144,train,daic_woz
145,test,daic_woz
146,test,daic_woz
147,train,daic_woz
148,test,daic_woz
149,train,daic_woz
15,test,daic_woz
150,test,daic_woz
151,test,daic_woz
152,test,daic_woz
153,train,daic_woz
154,train,daic_woz
155,train,daic_woz
156,train,daic_woz
157,dev,daic_woz
158,train,daic_woz
159,train,daic_woz
16,train,daic_woz
160,train,daic_woz
161,train,daic_woz
162,test,daic_woz
163,train,daic_woz
164,test,daic_woz
165,train,daic_woz
166,train,daic_woz
167,test,daic_woz
168,train,daic_woz
169,train,daic_woz
17,train,daic_woz
170,test,daic_woz
171,train,daic_woz
172,dev,daic_woz
173,dev,daic_woz
174,train,daic_woz
175,test,daic_woz
176,train,daic_woz
177,dev,daic_woz
178,train,daic_woz
179,train,daic_woz
18,test,daic_woz
180,train,daic_woz
181,test,daic_woz
182,train,daic_woz
183,train,daic_woz
184,test,daic_woz
185,train,daic_woz
186,train,daic_woz
187,train,daic_woz
188,test,daic_woz
189,train,daic_woz
19,test,daic_woz
190,train,daic_woz
191,train,daic_woz
192,dev,daic_woz
193,train,daic_woz
194,train,daic_woz
195,train,daic_woz
196,train,daic_woz
197,test,daic_woz
198,train,daic_woz
199,test,daic_woz
2,train,daic_woz
20,test,daic_woz
200,test,daic_woz
201,dev,daic_woz
202,train,daic_woz
203,train,daic_woz
204,train,daic_woz
205,train,daic_woz
206,train,daic_woz
207,train,daic_woz
208,train,daic_woz
209,test,daic_woz
21,train,daic_woz
210,dev,daic_woz
211,test,daic_woz
212,train,daic_woz
213,test,daic_woz
214,train,daic_woz
215,dev,daic_woz
216,test,daic_woz
217,train,daic_woz
218,train,daic_woz
219,test,daic_woz
22,train,daic_woz
220,dev,daic_woz
221,train,daic_woz
222,train,daic_woz
223,train,daic_woz
224,train,daic_woz
225,test,daic_woz
226,test,daic_woz
227,train,daic_woz
228,train,daic_woz
229,train,daic_woz
23,train,daic_woz
230,dev,daic_woz
231,train,daic_woz
232,train,daic_woz
233,train,daic_woz
234,dev,daic_woz
235,train,daic_woz
236,train,daic_woz
237,train,daic_woz
238,train,daic_woz
239,test,daic_woz
24,test,daic_woz
240,train,daic_woz
241,train,daic_woz
242,train,daic_woz
243,train,daic_woz
244,train,daic_woz
245,dev,daic_woz
246,test,daic_woz
247,train,daic_woz
248,train,daic_woz
249,dev,daic_woz
25,train,daic_woz
250,test,daic_woz
251,train,daic_woz
252,dev,daic_woz
253,train,daic_woz
254,train,daic_woz
255,train,daic_woz
256,train,daic_woz
257,train,daic_woz
258,test,daic_woz
259,train,daic_woz
26,train,daic_woz
260,dev,daic_woz
261,train,daic_woz
262,dev,daic_woz
263,train,daic_woz
264,train,daic_woz
265,train,daic_woz
266,train,daic_woz
267,test,daic_woz
268,dev,daic_woz
269,train,daic_woz
27,train,daic_woz
270,train,daic_woz
271,train,daic_woz
272,train,daic_woz
273,test,daic_woz
274,dev,daic_woz
275,train,daic_woz
276,train,daic_woz
277,train,daic_woz
278,train,daic_woz
279,dev,daic_woz
28,dev,daic_woz
280,train,daic_woz
281,test,daic_woz
282,train,daic_woz
283,train,daic_woz
284,dev,daic_woz
285,train,daic_woz
286,train,daic_woz
287,train,daic_woz
288,train,daic_woz
289,train,daic_woz
29,train,daic_woz
290,train,daic_woz
291,train,daic_woz
292,dev,daic_woz
293,train,daic_woz
294,train,daic_woz
295,train,daic_woz
296,train,daic_woz
297,test,daic_woz
298,train,daic_woz
299,train,daic_woz
3,dev,daic_woz
30,train,daic_woz
300,train,daic_woz
301,test,daic_woz
302,train,daic_woz
303,train,daic_woz
304,train,daic_woz
305,train,daic_woz
306,train,daic_woz
307,train,daic_woz
308,train,daic_woz
309,train,daic_woz
31,test,daic_woz
310,train,daic_woz
311,train,daic_woz
312,dev,daic_woz
313,train,daic_woz
314,test,daic_woz
315,train,daic_woz
316,train,daic_woz
317,dev,daic_woz
318,train,daic_woz
319,test,daic_woz
32,test,daic_woz
320,train,daic_woz
321,dev,daic_woz
322,train,daic_woz
323,train,daic_woz
324,train,daic_woz
325,train,daic_woz
326,train,daic_woz
327,test,daic_woz
328,train,daic_woz
329,test,daic_woz
33,train,daic_woz
330,train,daic_woz
331,train,daic_woz
332,train,daic_woz
333,train,daic_woz
334,train,daic_woz
335,train,daic_woz
336,test,daic_woz
337,train,daic_woz
338,test,daic_woz
339,train,daic_woz
34,train,daic_woz
340,train,daic_woz
341,train,daic_woz
342,train,daic_woz
343,train,daic_woz
344,test,daic_woz
345,test,daic_woz
346,train,daic_woz
347,test,daic_woz
348,test,daic_woz
349,train,daic_woz
35,train,daic_woz
350,train,daic_woz
351,train,daic_woz
352,train,daic_woz
353,test,daic_woz
354,train,daic_woz
355,train,daic_woz
356,dev,daic_woz
357,train,daic_woz
358,test,daic_woz
359,train,daic_woz
36,train,daic_woz
360,dev,daic_woz
361,test,daic_woz
362,train,daic_woz
363,train,daic_woz
364,test,daic_woz
365,train,daic_woz
366,train,daic_woz
367,train,daic_woz
368,train,daic_woz
369,train,daic_woz
37,train,daic_woz
370,train,daic_woz
371,train,daic_woz
372,dev,daic_woz
373,test,daic_woz
374,train,daic_woz
375,train,daic_woz
376,train,daic_woz
377,train,daic_woz
378,train,daic_woz
379,train,daic_woz
38,dev,daic_woz
380,test,daic_woz
381,train,daic_woz
382,train,daic_woz
383,train,daic_woz
384,test,daic_woz
385,dev,daic_woz
386,train,daic_woz
387,train,daic_woz
388,train,daic_woz
389,train,daic_woz
39,train,daic_woz
390,train,daic_woz
391,test,daic_woz
392,train,daic_woz
393,train,daic_woz
394,train,daic_woz
395,test,daic_woz
396,train,daic_woz
397,train,daic_woz
398,dev,daic_woz
399,train,daic_woz
4,train,daic_woz
40,train,daic_woz
400,test,daic_woz
401,train,daic_woz
402,train,daic_woz
403,test,daic_woz
404,train,daic_woz
405,train,daic_woz
406,dev,daic_woz
407,test,daic_woz
408,train,daic_woz
409,test,daic_woz
41,train,daic_woz
410,test,daic_woz
411,test,daic_woz
412,train,daic_woz
413,test,daic_woz
414,test,daic_woz
415,train,daic_woz
416,train,daic_woz
417,train,daic_woz
418,test,daic_woz
419,train,daic_woz
42,test,daic_woz
420,train,daic_woz
421,train,daic_woz
422,train,daic_woz
423,dev,daic_woz
424,train,daic_woz
425,train,daic_woz
426,test,daic_woz
427,train,daic_woz
428,test,daic_woz
429,train,daic_woz
43,dev,daic_woz
430,test,daic_woz
431,test,daic_woz
432,test,daic_woz
433,test,daic_woz
434,train,daic_woz
435,train,daic_woz
436,dev,daic_woz
437,test,daic_woz
438,train,daic_woz
439,train,daic_woz
44,train,daic_woz
440,test,daic_woz
441,train,daic_woz
442,train,daic_woz
443,train,daic_woz
444,train,daic_woz
445,test,daic_woz
446,train,daic_woz
447,train,daic_woz
448,train,daic_woz
449,train,daic_woz
45,train,daic_woz
450,train,daic_woz
451,test,daic_woz
452,train,daic_woz
453,dev,daic_woz
454,train,daic_woz
455,train,daic_woz
456,dev,daic_woz
457,train,daic_woz
458,train,daic_woz
459,train,daic_woz
46,train,daic_woz
460,train,daic_woz
461,test,daic_woz
462,train,daic_woz
463,train,daic_woz
464,train,daic_woz
465,dev,daic_woz
466,test,daic_woz
467,train,daic_woz
468,train,daic_woz
469,train,daic_woz
47,train,daic_woz
470,dev,daic_woz
471,test,daic_woz
472,test,daic_woz
473,train,daic_woz
474,train,daic_woz
475,train,daic_woz
476,train,daic_woz
477,train,daic_woz
478,test,daic_woz
479,train,daic_woz
48,test,daic_woz
480,train,daic_woz
481,train,daic_woz
482,train,daic_woz
483,test,daic_woz
484,train,daic_woz
485,train,daic_woz
486,test,daic_woz
487,train,daic_woz
488,train,daic_woz
489,test,daic_woz
49,test,daic_woz
490,train,daic_woz
491,train,daic_woz
492,test,daic_woz
493,test,daic_woz
494,train,daic_woz
495,dev,daic_woz
496,train,daic_woz
497,train,daic_woz
498,test,daic_woz
499,train,daic_woz
5,train,daic_woz
50,train,daic_woz
500,train,daic_woz
501,train,daic_woz
502,train,daic_woz
503,test,daic_woz
504,test,daic_woz
505,train,daic_woz
506,train,daic_woz
507,train,daic_woz
508,train,daic_woz
509,train,daic_woz
51,train,daic_woz
510,train,daic_woz
511,dev,daic_woz
512,train,daic_woz
513,test,daic_woz
514,train,daic_woz
515,train,daic_woz
516,train,daic_woz
517,train,daic_woz
518,dev,daic_woz
519,test,daic_woz
52,dev,daic_woz
520,train,daic_woz
521,train,daic_woz
522,train,daic_woz
523,dev,daic_woz
524,train,daic_woz
525,train,daic_woz
526,train,daic_woz
527,train,daic_woz
528,dev,daic_woz
529,train,daic_woz
53,train,daic_woz
530,train,daic_woz
531,train,daic_woz
532,train,daic_woz
533,test,daic_woz
534,train,daic_woz
535,train,daic_woz
536,train,daic_woz
537,test,daic_woz
538,train,daic_woz
539,train,daic_woz
54,train,daic_woz
540,train,daic_woz
541,dev,daic_woz
542,dev,daic_woz
543,train,daic_woz
544,dev,daic_woz
545,train,daic_woz
546,train,daic_woz
547,train,daic_woz
548,train,daic_woz
549,test,daic_woz
55,train,daic_woz
550,test,daic_woz
551,train,daic_woz
552,train,daic_woz
553,train,daic_woz
554,train,daic_woz
555,train,daic_woz
556,train,daic_woz
557,train,daic_woz
558,train,daic_woz
559,test,daic_woz
56,train,daic_woz
560,train,daic_woz
561,train,daic_woz
562,test,daic_woz
563,train,daic_woz
564,train,daic_woz
565,train,daic_woz
566,test,daic_woz
567,train,daic_woz
568,train,daic_woz
569,train,daic_woz
57,dev,daic_woz
570,train,daic_woz
571,test,daic_woz
572,train,daic_woz
573,train,daic_woz
574,train,daic_woz
575,train,daic_woz
576,test,daic_woz
577,train,daic_woz
578,train,daic_woz
579,train,daic_woz
58,train,daic_woz
580,train,daic_woz
581,test,daic_woz
582,train,daic_woz
583,test,daic_woz
584,train,daic_woz
585,test,daic_woz
586,train,daic_woz
587,train,daic_woz
588,train,daic_woz
589,test,daic_woz
59,test,daic_woz
590,train,daic_woz
591,dev,daic_woz
592,train,daic_woz
593,train,daic_woz
594,test,daic_woz
595,test,daic_woz
596,train,daic_woz
597,train,daic_woz
598,test,daic_woz
599,train,daic_woz
6,train,daic_woz
60,train,daic_woz
600,dev,daic_woz
601,test,daic_woz
602,train,daic_woz
603,train,daic_woz
604,train,daic_woz
605,train,daic_woz
606,train,daic_woz
607,test,daic_woz
608,dev,daic_woz
609,test,daic_woz
61,train,daic_woz
610,test,daic_woz
611,train,daic_woz
612,train,daic_woz
613,train,daic_woz
614,test,daic_woz
615,train,daic_woz
616,train,daic_woz
617,train,daic_woz
618,dev,daic_woz
619,train,daic_woz
62,train,daic_woz
620,test,daic_woz
621,train,daic_woz
622,train,daic_woz
623,test,daic_woz
624,dev,daic_woz
625,test,daic_woz
626,test,daic_woz
627,test,daic_woz
628,test,daic_woz
629,train,daic_woz
63,train,daic_woz
630,test,daic_woz
631,dev,daic_woz
632,test,daic_woz
633,train,daic_woz
634,test,daic_woz
635,test,daic_woz
636,dev,daic_woz
637,train,daic_woz
638,train,daic_woz
639,train,daic_woz
64,train,daic_woz
640,dev,daic_woz
641,train,daic_woz
642,train,daic_woz
643,train,daic_woz
644,train,daic_woz
645,test,daic_woz
646,train,daic_woz
647,train,daic_woz
648,train,daic_woz
649,train,daic_woz
65,train,daic_woz
650,train,daic_woz
651,train,daic_woz
652,train,daic_woz
653,train,daic_woz
654,train,daic_woz
655,dev,daic_woz
656,train,daic_woz
657,dev,daic_woz
658,train,daic_woz
659,dev,daic_woz
66,test,daic_woz
660,train,daic_woz
661,train,daic_woz
662,train,daic_woz
663,test,daic_woz
664,train,daic_woz
665,train,daic_woz
666,dev,daic_woz
667,train,daic_woz
668,train,daic_woz
669,test,daic_woz
67,train,daic_woz
670,train,daic_woz
671,train,daic_woz
672,train,daic_woz
673,train,daic_woz
674,train,daic_woz
675,train,daic_woz
676,train,daic_woz
677,train,daic_woz
678,dev,daic_woz
679,train,daic_woz
68,train,daic_woz
680,test,daic_woz
681,train,daic_woz
682,train,daic_woz
683,train,daic_woz
684,train,daic_woz
685,test,daic_woz
686,test,daic_woz
687,train,daic_woz
688,test,daic_woz
689,test,daic_woz
69,train,daic_woz
690,dev,daic_woz
691,train,daic_woz
692,train,daic_woz
693,train,daic_woz
694,train,daic_woz
695,dev,daic_woz
696,test,daic_woz
697,train,daic_woz
698,train,daic_woz
699,train,daic_woz
7,train,daic_woz
70,test,daic_woz
700,train,daic_woz
701,dev,daic_woz
702,train,daic_woz
703,train,daic_woz
704,test,daic_woz
705,train,daic_woz
706,test,daic_woz
707,train,daic_woz
708,dev,daic_woz
709,train,daic_woz
71,train,daic_woz
710,train,daic_woz
711,train,daic_woz
712,train,daic_woz
713,train,daic_woz
714,test,daic_woz
715,dev,daic_woz
716,train,daic_woz
717,train,daic_woz
718,test,daic_woz
719,train,daic_woz
72,train,daic_woz
720,train,daic_woz
721,train,daic_woz
722,train,daic_woz
723,train,daic_woz
724,train,daic_woz
725,train,daic_woz
726,train,daic_woz
727,train,daic_woz
728,test,daic_woz
729,test,daic_woz
73,train,daic_woz
730,train,daic_woz
731,train,daic_woz
732,dev,daic_woz
733,train,daic_woz
734,train,daic_woz
735,train,daic_woz
736,train,daic_woz
737,train,daic_woz
738,train,daic_woz
739,train,daic_woz
74,train,daic_woz
740,test,daic_woz
741,train,daic_woz
742,dev,daic_woz
743,train,daic_woz
744,train,daic_woz
745,train,daic_woz
746,test,daic_woz
747,train,daic_woz
748,train,daic_woz
749,train,daic_woz
75,train,daic_woz
750,test,daic_woz
751,dev,daic_woz
752,train,daic_woz
753,train,daic_woz
754,test,daic_woz
755,test,daic_woz
756,train,daic_woz
757,train,daic_woz
758,test,daic_woz
759,train,daic_woz
76,train,daic_woz
760,train,daic_woz
761,train,daic_woz
762,train,daic_woz
763,train,daic_woz
764,train,daic_woz
765,train,daic_woz
766,train,daic_woz
767,test,daic_woz
768,dev,daic_woz
769,train,daic_woz
77,train,daic_woz
770,train,daic_woz
771,dev,daic_woz
772,train,daic_woz
773,train,daic_woz
774,train,daic_woz
775,train,daic_woz
776,test,daic_woz
777,train,daic_woz
778,dev,daic_woz
779,test,daic_woz
78,train,daic_woz
780,train,daic_woz
781,train,daic_woz
782,train,daic_woz
783,train,daic_woz
784,train,daic_woz
785,train,daic_woz
786,train,daic_woz
787,train,daic_woz
788,dev,daic_woz
789,train,daic_woz
79,test,daic_woz
790,train,daic_woz
791,train,daic_woz
792,dev,daic_woz
793,train,daic_woz
794,test,daic_woz
795,dev,daic_woz
796,test,daic_woz
797,train,daic_woz
798,train,daic_woz
799,dev,daic_woz
8,train,daic_woz
80,train,daic_woz
800,train,daic_woz
801,train,daic_woz
802,train,daic_woz
803,train,daic_woz
804,train,daic_woz
805,train,daic_woz
806,test,daic_woz
807,train,daic_woz
808,dev,daic_woz
809,train,daic_woz
81,test,daic_woz
810,test,daic_woz
811,dev,daic_woz
812,train,daic_woz
813,test,daic_woz
814,test,daic_woz
815,train,daic_woz
816,dev,daic_woz
817,train,daic_woz
818,train,daic_woz
819,train,daic_woz
82,train,daic_woz
820,train,daic_woz
821,test,daic_woz
822,test,daic_woz
823,train,daic_woz
824,train,daic_woz
825,train,daic_woz
826,train,daic_woz
827,train,daic_woz
828,train,daic_woz
829,test,daic_woz
83,train,daic_woz
830,train,daic_woz
831,train,daic_woz
832,train,daic_woz
833,train,daic_woz
834,train,daic_woz
835,train,daic_woz
836,train,daic_woz
837,train,daic_woz
838,train,daic_woz
839,dev,daic_woz
84,test,daic_woz
840,train,daic_woz
841,train,daic_woz
842,train,daic_woz
843,train,daic_woz
844,test,daic_woz
845,train,daic_woz
846,dev,daic_woz
847,test,daic_woz
848,train,daic_woz
849,train,daic_woz
85,test,daic_woz
850,train,daic_woz
851,train,daic_woz
852,train,daic_woz
853,train,daic_woz
854,test,daic_woz
855,test,daic_woz
856,train,daic_woz
857,test,daic_woz
858,test,daic_woz
859,test,daic_woz
86,train,daic_woz
860,test,daic_woz
861,train,daic_woz
862,train,daic_woz
863,train,daic_woz
864,dev,daic_woz
865,train,daic_woz
866,train,daic_woz
867,test,daic_woz
868,train,daic_woz
869,train,daic_woz
87,train,daic_woz
870,test,daic_woz
871,train,daic_woz
872,dev,daic_woz
873,dev,daic_woz
874,train,daic_woz
875,train,daic_woz
876,train,daic_woz
877,train,daic_woz
878,train,daic_woz
879,test,daic_woz
88,train,daic_woz
880,dev,daic_woz
881,test,daic_woz
882,train,daic_woz
883,train,daic_woz
884,train,daic_woz
885,train,daic_woz
886,train,daic_woz
887,test,daic_woz
888,train,daic_woz
889,train,daic_woz
89,test,daic_woz
890,dev,daic_woz
891,train,daic_woz
892,test,daic_woz
893,train,daic_woz
894,test,daic_woz
895,train,daic_woz
896,test,daic_woz
897,train,daic_woz
898,test,daic_woz
899,train,daic_woz
9,dev,daic_woz
90,train,daic_woz
900,test,daic_woz
901,train,daic_woz
902,dev,daic_woz
903,train,daic_woz
904,train,daic_woz
905,train,daic_woz
906,train,daic_woz
907,train,daic_woz
908,train,daic_woz
909,train,daic_woz
91,train,daic_woz
910,train,daic_woz
911,test,daic_woz
912,train,daic_woz
913,train,daic_woz
914,train,daic_woz
915,train,daic_woz
916,train,daic_woz
917,train,daic_woz
918,train,daic_woz
919,dev,daic_woz
92,train,daic_woz
920,test,daic_woz
921,train,daic_woz
922,train,daic_woz
923,train,daic_woz
924,train,daic_woz
925,dev,daic_woz
926,train,daic_woz
927,train,daic_woz
928,train,daic_woz
929,test,daic_woz
93,train,daic_woz
930,train,daic_woz
931,train,daic_woz
932,train,daic_woz
933,train,daic_woz
934,train,daic_woz
935,test,daic_woz
936,train,daic_woz
937,dev,daic_woz
938,train,daic_woz
939,train,daic_woz
94,train,daic_woz
940,train,daic_woz
941,train,daic_woz
942,train,daic_woz
943,train,daic_woz
944,dev,daic_woz
945,dev,daic_woz
946,train,daic_woz
947,test,daic_woz
948,test,daic_woz
949,train,daic_woz
95,train,daic_woz
950,test,daic_woz
951,dev,daic_woz
952,train,daic_woz
953,test,daic_woz
954,train,daic_woz
955,test,daic_woz
956,train,daic_woz
957,train,daic_woz
958,test,daic_woz
959,train,daic_woz
96,dev,daic_woz
960,test,daic_woz
97,test,daic_woz
98,test,daic_woz
99,train,daic_woz
